date,cluster_nl,prediction
2023-01-01,BRAND_E57A_COUNTRY_06E4,0.9621526976149405
2023-01-01,BRAND_014B_COUNTRY_06E4,1.0203077831776277
2023-01-01,BRAND_1E6F_COUNTRY_4647,1.3686429047725324
2023-01-01,BRAND_9259_COUNTRY_FA79,0.9705150993310271
2023-01-01,BRAND_106A_COUNTRY_E319,1.1174205645714348
2023-01-01,BRAND_3938_COUNTRY_907E,1.707540858697603
2023-01-01,BRAND_F649_COUNTRY_FA79,1.0165334606237022
2023-01-01,BRAND_F649_COUNTRY_2E65,1.0921552978621798
2023-01-01,BRAND_60F2_COUNTRY_C89B,1.5869351099804214
2023-01-01,BRAND_740F_COUNTRY_8B47,0.9343894202481522
2023-01-01,BRAND_740F_COUNTRY_0309,1.0481509199783496
2023-01-01,BRAND_E57A_COUNTRY_6F78,0.9116740745752256
2023-01-01,BRAND_FB69_COUNTRY_4D48,1.0226086674114845
2023-01-01,BRAND_12B2_COUNTRY_AE54,3.959864791943159
2023-01-01,BRAND_E57A_COUNTRY_0309,1.3001916764600885
2023-01-01,BRAND_C352_COUNTRY_8B47,0.9950339033560985
2023-01-01,BRAND_740F_COUNTRY_06E4,0.91163982116543
2023-01-01,BRAND_AA1F_COUNTRY_06E4,0.9324819689382569
2023-01-01,BRAND_014B_COUNTRY_0309,1.4604256745934325
2023-01-01,BRAND_FB57_COUNTRY_907E,1.0452106402573285
2023-01-01,BRAND_056A_COUNTRY_0309,1.2983185572314309
2023-01-01,BRAND_F649_COUNTRY_907E,1.5473435646678224
2023-01-01,BRAND_CFD9_COUNTRY_AE54,3.2580054254499586
2023-01-01,BRAND_9259_COUNTRY_907E,1.3304359233041225
2023-01-01,BRAND_B1E8_COUNTRY_AE54,2.010879441207177
2023-01-01,BRAND_056A_COUNTRY_D8B0,2.886906210596924
2023-01-01,BRAND_740F_COUNTRY_5180,0.9715782576470423
2023-01-01,BRAND_F649_COUNTRY_5180,1.0438139028304394
2023-01-01,BRAND_4888_COUNTRY_AE54,3.722088399654646
2023-01-01,BRAND_E57A_COUNTRY_5180,0.9536073324335462
2023-01-01,BRAND_9259_COUNTRY_5180,1.0035974867778745
2023-01-01,BRAND_1E6F_COUNTRY_AE54,4.112122222109825
2023-01-01,BRAND_014B_COUNTRY_6C16,1.105797301613718
2023-01-01,BRAND_D72F_COUNTRY_C89B,0.9413950886951852
2023-01-01,BRAND_9259_COUNTRY_89F9,1.4260187596656635
2023-01-01,BRAND_740F_COUNTRY_88A3,1.5964803187812908
2023-01-01,BRAND_C3A1_COUNTRY_5180,0.8926918443378864
2023-01-01,BRAND_C352_COUNTRY_C8F4,0.9803846159451315
2023-01-01,BRAND_A5D5_COUNTRY_C89B,0.967241708723296
2023-01-01,BRAND_248D_COUNTRY_EA71,1.0537715585292646
2023-01-01,BRAND_BBE0_COUNTRY_C89B,1.001054246711337
2023-01-01,BRAND_599D_COUNTRY_C51E,0.8750388509685426
2023-01-01,BRAND_A5D5_COUNTRY_5FEB,1.210443549196132
2023-01-01,BRAND_A12A_COUNTRY_C51E,0.8996515141543648
2023-01-01,BRAND_ACB5_COUNTRY_9488,0.9481114618343851
2023-01-01,BRAND_9259_COUNTRY_88A3,1.614910005470743
2023-01-01,BRAND_E57A_COUNTRY_0C7D,0.9862373057649326
2023-01-01,BRAND_BC1F_COUNTRY_C89B,0.9973377593224356
2023-01-01,BRAND_F649_COUNTRY_EA71,1.1522525797427075
2023-01-01,BRAND_E57A_COUNTRY_88A3,1.639162569121932
2023-01-01,BRAND_D786_COUNTRY_4253,1.1454358409478411
2023-01-01,BRAND_056A_COUNTRY_458E,1.0585366646982448
2023-01-01,BRAND_056A_COUNTRY_6C16,0.9990479865197355
2023-01-01,BRAND_D72F_COUNTRY_1033,0.9402038952258766
2023-01-01,BRAND_7065_COUNTRY_9488,1.2218841510441731
2023-01-01,BRAND_F649_COUNTRY_89F9,1.135340606883754
2023-01-01,BRAND_E57A_COUNTRY_EA71,0.9360027509019058
2023-01-01,BRAND_76D6_COUNTRY_AE54,2.5179032756863817
2023-01-01,BRAND_9259_COUNTRY_6B71,0.9924475938619405
2023-01-01,BRAND_F649_COUNTRY_1033,1.077533035611633
2023-01-01,BRAND_8779_COUNTRY_84C8,0.9139154335245325
2023-01-01,BRAND_9E22_COUNTRY_5180,0.983642463459985
2023-01-01,BRAND_C352_COUNTRY_88A3,1.4301930128650424
2023-01-01,BRAND_E57A_COUNTRY_458E,1.0477671072234465
2023-01-01,BRAND_9C65_COUNTRY_3536,1.3119150212629604
2023-01-01,BRAND_D13E_COUNTRY_9891,0.8754247549898431
2023-01-01,BRAND_740F_COUNTRY_9891,0.9266202781776187
2023-01-01,BRAND_29F9_COUNTRY_5FEB,0.9621050403262585
2023-01-01,BRAND_056A_COUNTRY_53A5,2.3116996640796734
2023-01-01,BRAND_D786_COUNTRY_53A5,2.127704207435577
2023-01-01,BRAND_740F_COUNTRY_53A5,1.4613337519653802
2023-01-01,BRAND_4710_COUNTRY_5FEB,0.9064123045514326
2023-01-01,BRAND_4F19_COUNTRY_5FEB,0.9032095759372745
2023-01-01,BRAND_B79F_COUNTRY_B6AE,0.9425761735827148
2023-01-01,BRAND_D72F_COUNTRY_3536,0.984841561239012
2023-01-01,BRAND_E57A_COUNTRY_6C16,0.9795602813826383
2023-01-01,BRAND_740F_COUNTRY_6C16,0.9248293421607018
2023-01-01,BRAND_056A_COUNTRY_9891,1.1535857620774141
2023-01-01,BRAND_9259_COUNTRY_3536,0.9874699705779865
2023-01-01,BRAND_E57A_COUNTRY_9891,0.9084491283255749
2023-01-01,BRAND_9259_COUNTRY_6C16,0.9232465535326506
2023-01-01,BRAND_056A_COUNTRY_4442,1.3053576391790105
2023-01-01,BRAND_C352_COUNTRY_9488,0.8929675697637315
2023-01-01,BRAND_C352_COUNTRY_445D,2.005444524127783
2023-01-01,BRAND_740F_COUNTRY_3AD0,0.9700331018056316
2023-01-01,BRAND_267B_COUNTRY_9488,1.0964457608685572
2023-01-01,BRAND_6200_COUNTRY_9488,1.1717048450969292
2023-01-01,BRAND_9259_COUNTRY_A67D,0.8186910208645457
2023-01-01,BRAND_E57A_COUNTRY_D5B9,1.1479050135674242
2023-01-01,BRAND_E57A_COUNTRY_53A5,1.8000263559171676
2023-01-01,BRAND_9259_COUNTRY_4242,0.9816333114969017
2023-01-01,BRAND_D786_COUNTRY_5A54,1.0280947623014167
2023-01-01,BRAND_7BEC_COUNTRY_445D,2.614159013552867
2023-01-01,BRAND_267B_COUNTRY_0C7D,0.9032392955287945
2023-01-01,BRAND_2D13_COUNTRY_0C7D,0.9338841882109983
2023-01-01,BRAND_F649_COUNTRY_A67D,1.0263725252164164
2023-01-01,BRAND_D786_COUNTRY_3AD0,1.2704437969754416
2023-01-01,BRAND_A5D5_COUNTRY_7D31,1.4064537029491235
2023-01-01,BRAND_ED43_COUNTRY_7D31,1.040713760708697
2023-01-01,BRAND_3CEB_COUNTRY_7D31,1.404273431669082
2023-01-01,BRAND_F649_COUNTRY_4D48,1.1513351599517045
2023-01-01,BRAND_C352_COUNTRY_4D48,1.1238098255623465
2023-01-01,BRAND_6646_COUNTRY_5FEB,1.1892842065380507
2023-01-01,BRAND_740F_COUNTRY_4D48,1.0907175621816432
2023-01-01,BRAND_BDB6_COUNTRY_5FEB,1.290208108495416
2023-01-01,BRAND_E57A_COUNTRY_3AD0,0.9928317354039208
2023-01-01,BRAND_B94B_COUNTRY_5FEB,1.3095623766190447
2023-01-01,BRAND_E57A_COUNTRY_4D48,1.026193769251153
2023-01-01,BRAND_C352_COUNTRY_5A54,1.0032358660453418
2023-01-01,BRAND_89E4_COUNTRY_7D31,1.0506981165012426
2023-01-01,BRAND_056A_COUNTRY_3AD0,1.1516443413490067
2023-01-01,BRAND_E9AB_COUNTRY_5A54,0.9790299008041664
2023-01-01,BRAND_C94B_COUNTRY_5A54,1.151563027320031
2023-01-01,BRAND_F649_COUNTRY_5A54,1.0381496315172125
2023-01-01,BRAND_C352_COUNTRY_1007,1.2350491124663694
2023-01-01,BRAND_9259_COUNTRY_1007,1.283216631534686
2023-02-01,BRAND_3CEB_COUNTRY_7D31,1.2739701081741432
2023-02-01,BRAND_740F_COUNTRY_06E4,0.911418996605565
2023-02-01,BRAND_A5D5_COUNTRY_7D31,1.4082482082413061
2023-02-01,BRAND_F649_COUNTRY_5A54,1.0354511893430098
2023-02-01,BRAND_C352_COUNTRY_5A54,0.997224381762071
2023-02-01,BRAND_D72F_COUNTRY_1033,0.9583200621599881
2023-02-01,BRAND_AA1F_COUNTRY_06E4,0.9791053237866535
2023-02-01,BRAND_E57A_COUNTRY_06E4,0.950739748261717
2023-02-01,BRAND_89E4_COUNTRY_7D31,0.8783797462770154
2023-02-01,BRAND_740F_COUNTRY_88A3,1.618987652365849
2023-02-01,BRAND_B79F_COUNTRY_B6AE,0.9439955575912394
2023-02-01,BRAND_056A_COUNTRY_53A5,2.3742334310711066
2023-02-01,BRAND_014B_COUNTRY_06E4,1.0244754243655902
2023-02-01,BRAND_1E6F_COUNTRY_4647,1.3723611939862081
2023-02-01,BRAND_D786_COUNTRY_5A54,1.0346003213207509
2023-02-01,BRAND_ED43_COUNTRY_7D31,1.1948566442939188
2023-02-01,BRAND_6200_COUNTRY_9488,1.206085498048057
2023-02-01,BRAND_F649_COUNTRY_EA71,1.1340511206969133
2023-02-01,BRAND_267B_COUNTRY_9488,1.1024230710773797
2023-02-01,BRAND_A5D5_COUNTRY_5FEB,1.3387996869326455
2023-02-01,BRAND_E57A_COUNTRY_0C7D,0.9742903331338324
2023-02-01,BRAND_29F9_COUNTRY_5FEB,1.120951346087342
2023-02-01,BRAND_E57A_COUNTRY_EA71,0.9786052111145885
2023-02-01,BRAND_7065_COUNTRY_9488,1.309141890897729
2023-02-01,BRAND_E57A_COUNTRY_4D48,1.0666130003829053
2023-02-01,BRAND_056A_COUNTRY_458E,1.0570338603406775
2023-02-01,BRAND_E9AB_COUNTRY_5A54,0.9860643917537059
2023-02-01,BRAND_C94B_COUNTRY_5A54,1.1595550425973624
2023-02-01,BRAND_F649_COUNTRY_1033,1.0793063687696804
2023-02-01,BRAND_E57A_COUNTRY_D5B9,1.3084428992620807
2023-02-01,BRAND_ACB5_COUNTRY_9488,0.9320912824013059
2023-02-01,BRAND_7BEC_COUNTRY_445D,2.576004793359911
2023-02-01,BRAND_F649_COUNTRY_2E65,1.1022112770393075
2023-02-01,BRAND_C352_COUNTRY_445D,2.0088424454333462
2023-02-01,BRAND_D786_COUNTRY_3AD0,1.1878749234767703
2023-02-01,BRAND_740F_COUNTRY_3AD0,0.9696192861619678
2023-02-01,BRAND_D786_COUNTRY_4253,1.2876996819972062
2023-02-01,BRAND_E57A_COUNTRY_6C16,0.9691098147597095
2023-02-01,BRAND_056A_COUNTRY_4442,1.2966442160007015
2023-02-01,BRAND_E57A_COUNTRY_3AD0,1.0036415158641154
2023-02-01,BRAND_248D_COUNTRY_EA71,1.058194009947659
2023-02-01,BRAND_056A_COUNTRY_6C16,1.0500408043182892
2023-02-01,BRAND_056A_COUNTRY_3AD0,1.162349498447286
2023-02-01,BRAND_740F_COUNTRY_6C16,0.9211161929422099
2023-02-01,BRAND_9E22_COUNTRY_5180,1.0106784580873394
2023-02-01,BRAND_C352_COUNTRY_F78A,0.988854129221254
2023-02-01,BRAND_014B_COUNTRY_6C16,1.1012010336794669
2023-02-01,BRAND_9259_COUNTRY_6C16,0.9743477484453834
2023-02-01,BRAND_740F_COUNTRY_4D48,1.1101827395716544
2023-02-01,BRAND_BDB6_COUNTRY_5FEB,1.314776822088613
2023-02-01,BRAND_4F19_COUNTRY_5FEB,0.9431608745533464
2023-02-01,BRAND_4710_COUNTRY_5FEB,0.7759758773419316
2023-02-01,BRAND_E57A_COUNTRY_53A5,1.9148409428909958
2023-02-01,BRAND_C352_COUNTRY_1007,1.2626940401333735
2023-02-01,BRAND_C352_COUNTRY_88A3,1.4463545254202004
2023-02-01,BRAND_9259_COUNTRY_1007,1.305358001248189
2023-02-01,BRAND_E57A_COUNTRY_88A3,1.6293750402336662
2023-02-01,BRAND_9C65_COUNTRY_3536,1.325754075179656
2023-02-01,BRAND_D786_COUNTRY_1033,0.9158458902440414
2023-02-01,BRAND_D786_COUNTRY_53A5,2.139413714607896
2023-02-01,BRAND_740F_COUNTRY_53A5,1.4748583000332807
2023-02-01,BRAND_9259_COUNTRY_88A3,1.6204238042565973
2023-02-01,BRAND_4888_COUNTRY_AE54,3.675644250876977
2023-02-01,BRAND_E57A_COUNTRY_5180,0.9583554611414485
2023-02-01,BRAND_9259_COUNTRY_5180,1.0082342264219504
2023-02-01,BRAND_740F_COUNTRY_8B47,0.9063246398779953
2023-02-01,BRAND_056A_COUNTRY_9891,1.1620456087352804
2023-02-01,BRAND_9259_COUNTRY_907E,1.3301797274012548
2023-02-01,BRAND_1E6F_COUNTRY_AE54,4.014368864495728
2023-02-01,BRAND_740F_COUNTRY_5180,0.9763263863549442
2023-02-01,BRAND_D72F_COUNTRY_C89B,0.9820609989438424
2023-02-01,BRAND_F649_COUNTRY_5180,1.045793251583183
2023-02-01,BRAND_D13E_COUNTRY_9891,0.8743935653582767
2023-02-01,BRAND_BBE0_COUNTRY_C89B,0.9946979766698669
2023-02-01,BRAND_A5D5_COUNTRY_C89B,0.9714506687376635
2023-02-01,BRAND_60F2_COUNTRY_C89B,1.585768591424971
2023-02-01,BRAND_A12A_COUNTRY_C51E,0.8999674058441426
2023-02-01,BRAND_C352_COUNTRY_8B47,0.9770726319258562
2023-02-01,BRAND_9259_COUNTRY_3536,1.006585532113799
2023-02-01,BRAND_FB69_COUNTRY_4D48,1.1054329521691237
2023-02-01,BRAND_E57A_COUNTRY_0309,1.332637168549062
2023-02-01,BRAND_056A_COUNTRY_0309,1.5081932032692458
2023-02-01,BRAND_E57A_COUNTRY_6F78,0.9408746388640139
2023-02-01,BRAND_599D_COUNTRY_C51E,0.8805546910665294
2023-02-01,BRAND_740F_COUNTRY_0309,1.114988399516252
2023-02-01,BRAND_014B_COUNTRY_0309,1.502678616519297
2023-02-01,BRAND_BC1F_COUNTRY_C89B,0.9976518133278847
2023-02-01,BRAND_76D6_COUNTRY_AE54,3.0824006021220667
2023-02-01,BRAND_12B2_COUNTRY_AE54,3.9366857257537893
2023-02-01,BRAND_9259_COUNTRY_6B71,1.0312073011692438
2023-02-01,BRAND_F649_COUNTRY_FA79,1.0208268619759964
2023-02-01,BRAND_9259_COUNTRY_FA79,0.9849721150076587
2023-02-01,BRAND_C352_COUNTRY_6B71,0.9313832476435349
2023-02-01,BRAND_106A_COUNTRY_E319,1.1919853300309875
2023-02-01,BRAND_9259_COUNTRY_A67D,0.8360757588777943
2023-02-01,BRAND_5E80_COUNTRY_4D48,1.4567443748282627
2023-02-01,BRAND_C352_COUNTRY_C8F4,0.9537450179525994
2023-02-01,BRAND_F649_COUNTRY_A67D,1.0285261102096932
2023-02-01,BRAND_8779_COUNTRY_84C8,0.9099986889108196
2023-02-01,BRAND_2D13_COUNTRY_0C7D,0.9331366944327242
2023-02-01,BRAND_C352_COUNTRY_9488,0.9667107607977242
2023-02-01,BRAND_267B_COUNTRY_0C7D,0.8854194646748229
2023-02-01,BRAND_6646_COUNTRY_5FEB,1.4257425031949393
2023-02-01,BRAND_B94B_COUNTRY_5FEB,1.3259130811535003
2023-02-01,BRAND_E57A_COUNTRY_458E,1.0714472876203105
2023-02-01,BRAND_F649_COUNTRY_4D48,1.1635292877863794
2023-02-01,BRAND_C352_COUNTRY_4D48,1.155909684221934
2023-02-01,BRAND_FB57_COUNTRY_907E,1.042332099744468
2023-02-01,BRAND_9259_COUNTRY_89F9,1.4438088424272018
2023-02-01,BRAND_D72F_COUNTRY_3536,0.9923343195757781
2023-02-01,BRAND_F649_COUNTRY_907E,1.5496014864400858
2023-02-01,BRAND_3938_COUNTRY_907E,1.7385557780462222
2023-02-01,BRAND_740F_COUNTRY_9891,0.9355768816412415
2023-02-01,BRAND_F649_COUNTRY_89F9,1.4320770008474828
2023-02-01,BRAND_056A_COUNTRY_89F9,1.6390463531566184
2023-02-01,BRAND_CFD9_COUNTRY_AE54,3.186504732709562
2023-02-01,BRAND_C3A1_COUNTRY_5180,0.9012548571576595
2023-02-01,BRAND_B1E8_COUNTRY_AE54,2.475593184421988
2023-02-01,BRAND_9259_COUNTRY_4242,0.9837820715221278
2023-02-01,BRAND_E57A_COUNTRY_9891,0.8926677078400567
2023-02-01,BRAND_056A_COUNTRY_D8B0,3.1549584768551164
2023-03-01,BRAND_C3A1_COUNTRY_5180,0.8975854813055575
2023-03-01,BRAND_E9AB_COUNTRY_5A54,0.9989435369135305
2023-03-01,BRAND_BBE0_COUNTRY_C89B,1.0047823025210785
2023-03-01,BRAND_C94B_COUNTRY_5A54,1.1765841755370534
2023-03-01,BRAND_1E6F_COUNTRY_AE54,3.974627000319827
2023-03-01,BRAND_E57A_COUNTRY_4D48,1.0693192867519214
2023-03-01,BRAND_740F_COUNTRY_3AD0,0.9729331588621558
2023-03-01,BRAND_C352_COUNTRY_1007,1.2723935708797323
2023-03-01,BRAND_F649_COUNTRY_4D48,1.19547941361959
2023-03-01,BRAND_740F_COUNTRY_53A5,1.4875704478744565
2023-03-01,BRAND_A5D5_COUNTRY_7D31,1.4149761241078258
2023-03-01,BRAND_BC1F_COUNTRY_C89B,0.9997071302954789
2023-03-01,BRAND_ED43_COUNTRY_7D31,1.1628611248297551
2023-03-01,BRAND_9259_COUNTRY_3536,1.0111890777576718
2023-03-01,BRAND_E57A_COUNTRY_0309,1.3431402594555104
2023-03-01,BRAND_FB69_COUNTRY_4D48,1.1293844637113402
2023-03-01,BRAND_056A_COUNTRY_C8F4,0.9259140947756962
2023-03-01,BRAND_056A_COUNTRY_D8B0,3.2267708489881093
2023-03-01,BRAND_A12A_COUNTRY_C51E,0.8993685803670176
2023-03-01,BRAND_ACB5_COUNTRY_9488,0.9370812520756749
2023-03-01,BRAND_B94B_COUNTRY_5FEB,1.1212779379029163
2023-03-01,BRAND_E57A_COUNTRY_9891,0.8947628397590407
2023-03-01,BRAND_C352_COUNTRY_C8F4,0.9402161786602123
2023-03-01,BRAND_014B_COUNTRY_0309,1.5050783066008386
2023-03-01,BRAND_056A_COUNTRY_0309,1.589797918483427
2023-03-01,BRAND_9259_COUNTRY_4242,0.9639198474914892
2023-03-01,BRAND_3CEB_COUNTRY_7D31,1.3010288412386415
2023-03-01,BRAND_056A_COUNTRY_6C16,1.0520959508355021
2023-03-01,BRAND_9259_COUNTRY_06E4,0.9167985657627743
2023-03-01,BRAND_056A_COUNTRY_53A5,2.3742334310711066
2023-03-01,BRAND_9C65_COUNTRY_3536,1.325685315868305
2023-03-01,BRAND_014B_COUNTRY_06E4,1.01976840835963
2023-03-01,BRAND_4888_COUNTRY_AE54,3.6079000950112188
2023-03-01,BRAND_F649_COUNTRY_89F9,1.5072614990430655
2023-03-01,BRAND_E57A_COUNTRY_6C16,0.9684442640176985
2023-03-01,BRAND_E57A_COUNTRY_5180,0.955938504140289
2023-03-01,BRAND_D786_COUNTRY_53A5,2.1854268991862464
2023-03-01,BRAND_D13E_COUNTRY_9891,0.8736390780479656
2023-03-01,BRAND_29F9_COUNTRY_5FEB,1.118893543099825
2023-03-01,BRAND_E57A_COUNTRY_D5B9,1.3116229762286258
2023-03-01,BRAND_F649_COUNTRY_A67D,1.0402021516759077
2023-03-01,BRAND_056A_COUNTRY_89F9,1.7334717674177729
2023-03-01,BRAND_7BEC_COUNTRY_445D,2.5652231304189375
2023-03-01,BRAND_E57A_COUNTRY_53A5,1.889828817503183
2023-03-01,BRAND_248D_COUNTRY_C89B,0.9555490280302795
2023-03-01,BRAND_A5D5_COUNTRY_C89B,0.9784161467623232
2023-03-01,BRAND_E57A_COUNTRY_06E4,0.957804589052994
2023-03-01,BRAND_D786_COUNTRY_5A54,1.0321672985961976
2023-03-01,BRAND_BDB6_COUNTRY_5FEB,1.3950404902660252
2023-03-01,BRAND_014B_COUNTRY_6C16,1.102007010696557
2023-03-01,BRAND_D72F_COUNTRY_C89B,0.9785436249978006
2023-03-01,BRAND_F649_COUNTRY_5A54,1.0480926074960435
2023-03-01,BRAND_9259_COUNTRY_A67D,0.8285075969818966
2023-03-01,BRAND_E57A_COUNTRY_3AD0,0.9955568194656129
2023-03-01,BRAND_740F_COUNTRY_4D48,1.1131071864977862
2023-03-01,BRAND_4F19_COUNTRY_5FEB,0.9725371813256758
2023-03-01,BRAND_C352_COUNTRY_F78A,0.9846244001223249
2023-03-01,BRAND_9259_COUNTRY_1007,1.3156740857519669
2023-03-01,BRAND_740F_COUNTRY_6C16,0.9211161929422099
2023-03-01,BRAND_9E22_COUNTRY_5180,1.0106784580873394
2023-03-01,BRAND_740F_COUNTRY_5180,0.973909429353784
2023-03-01,BRAND_D786_COUNTRY_3AD0,1.1929637904063524
2023-03-01,BRAND_5E80_COUNTRY_4D48,1.586018941471808
2023-03-01,BRAND_056A_COUNTRY_A67D,0.9564731191665371
2023-03-01,BRAND_C352_COUNTRY_5A54,0.9935802848299753
2023-03-01,BRAND_9259_COUNTRY_5180,1.0306423755148506
2023-03-01,BRAND_4710_COUNTRY_5FEB,0.9396269048747612
2023-03-01,BRAND_B79F_COUNTRY_B6AE,0.9498150555105929
2023-03-01,BRAND_2D13_COUNTRY_0C7D,0.9408732266715645
2023-03-01,BRAND_89E4_COUNTRY_7D31,0.7850215956173389
2023-03-01,BRAND_267B_COUNTRY_0C7D,0.8942944226749251
2023-03-01,BRAND_056A_COUNTRY_3AD0,1.1656708037837231
2023-03-01,BRAND_6646_COUNTRY_5FEB,1.4657817539155793
2023-03-01,BRAND_C352_COUNTRY_4D48,1.1863642490892772
2023-03-01,BRAND_056A_COUNTRY_9891,1.177715015800568
2023-03-01,BRAND_9259_COUNTRY_6C16,0.9765972192806668
2023-03-01,BRAND_AA1F_COUNTRY_06E4,0.9887410495379279
2023-03-01,BRAND_1E6F_COUNTRY_4647,1.3829938825136974
2023-03-01,BRAND_740F_COUNTRY_06E4,0.911418996605565
2023-03-01,BRAND_F649_COUNTRY_FA79,1.0108994414698942
2023-03-01,BRAND_C352_COUNTRY_9488,0.9747520339586514
2023-03-01,BRAND_F649_COUNTRY_5180,1.0180399296903773
2023-03-01,BRAND_106A_COUNTRY_E319,1.0773060038600812
2023-03-01,BRAND_F649_COUNTRY_EA71,1.1527797464167153
2023-03-01,BRAND_12B2_COUNTRY_AE54,3.9457256697108445
2023-03-01,BRAND_E57A_COUNTRY_8B47,0.9090409328694172
2023-03-01,BRAND_599D_COUNTRY_C51E,0.8509912374554133
2023-03-01,BRAND_60F2_COUNTRY_C89B,1.585768591424971
2023-03-01,BRAND_056A_COUNTRY_4442,1.3015067434088476
2023-03-01,BRAND_6200_COUNTRY_9488,1.1782859091525733
2023-03-01,BRAND_C352_COUNTRY_8B47,1.001920605027524
2023-03-01,BRAND_9259_COUNTRY_89F9,1.4236447293509642
2023-03-01,BRAND_F649_COUNTRY_2E65,1.1125040613695434
2023-03-01,BRAND_267B_COUNTRY_9488,1.1084324415811773
2023-03-01,BRAND_E57A_COUNTRY_EA71,0.9835191545927086
2023-03-01,BRAND_B1E8_COUNTRY_AE54,3.24610605899515
2023-03-01,BRAND_9259_COUNTRY_88A3,1.6191383162034503
2023-03-01,BRAND_E57A_COUNTRY_88A3,1.6261397132030533
2023-03-01,BRAND_9259_COUNTRY_907E,1.3285243173402084
2023-03-01,BRAND_F649_COUNTRY_907E,1.5530452728027655
2023-03-01,BRAND_D72F_COUNTRY_3536,0.9918069945752419
2023-03-01,BRAND_740F_COUNTRY_9891,0.9355768816412415
2023-03-01,BRAND_740F_COUNTRY_8B47,0.894286785442221
2023-03-01,BRAND_E57A_COUNTRY_0C7D,0.9636155803387778
2023-03-01,BRAND_D786_COUNTRY_1033,0.9188750010216817
2023-03-01,BRAND_C352_COUNTRY_6B71,0.9397665470062581
2023-03-01,BRAND_A5D5_COUNTRY_5FEB,1.4755942715828572
2023-03-01,BRAND_76D6_COUNTRY_AE54,2.833939311419126
2023-03-01,BRAND_7065_COUNTRY_9488,1.3115719386463922
2023-03-01,BRAND_9259_COUNTRY_6B71,1.0455232487209518
2023-03-01,BRAND_3938_COUNTRY_907E,1.7412971912155408
2023-03-01,BRAND_056A_COUNTRY_458E,0.9543327320033078
2023-03-01,BRAND_FB57_COUNTRY_907E,1.055929724986758
2023-03-01,BRAND_740F_COUNTRY_88A3,1.6364191959519863
2023-03-01,BRAND_C352_COUNTRY_445D,2.025554329357352
2023-03-01,BRAND_9259_COUNTRY_FA79,0.964929799558405
2023-03-01,BRAND_D72F_COUNTRY_1033,0.941369402750126
2023-03-01,BRAND_248D_COUNTRY_EA71,1.0737124894069852
2023-03-01,BRAND_F649_COUNTRY_1033,1.0972683892123263
2023-03-01,BRAND_C352_COUNTRY_88A3,1.449588361628244
2023-03-01,BRAND_CFD9_COUNTRY_AE54,3.1628912046426843
2023-03-01,BRAND_8779_COUNTRY_84C8,0.9154659393417663
2023-03-01,BRAND_D786_COUNTRY_4253,1.2951789428570795
2023-03-01,BRAND_740F_COUNTRY_0309,1.1170005855831366
2023-03-01,BRAND_E57A_COUNTRY_458E,1.073428005389429
2023-03-01,BRAND_E57A_COUNTRY_6F78,0.9050084733758754
2023-04-01,BRAND_248D_COUNTRY_EA71,1.1651903848382632
2023-04-01,BRAND_740F_COUNTRY_6C16,0.9139362496889096
2023-04-01,BRAND_A5D5_COUNTRY_7D31,1.4104245339553454
2023-04-01,BRAND_F649_COUNTRY_2E65,1.1198688153434386
2023-04-01,BRAND_267B_COUNTRY_9488,1.1062244186256773
2023-04-01,BRAND_E57A_COUNTRY_5180,0.9604756412027885
2023-04-01,BRAND_9259_COUNTRY_4242,0.9729540057675831
2023-04-01,BRAND_9259_COUNTRY_5180,1.0288775273188462
2023-04-01,BRAND_C3A1_COUNTRY_5180,0.9042702093257239
2023-04-01,BRAND_A12A_COUNTRY_C51E,0.9025749768942074
2023-04-01,BRAND_12B2_COUNTRY_AE54,4.020131769813963
2023-04-01,BRAND_E57A_COUNTRY_8B47,0.9316235995169364
2023-04-01,BRAND_740F_COUNTRY_3AD0,0.9575501859338326
2023-04-01,BRAND_F649_COUNTRY_EA71,1.1572756598019445
2023-04-01,BRAND_4F19_COUNTRY_5FEB,0.9068063383951896
2023-04-01,BRAND_ACB5_COUNTRY_9488,0.9358180348137415
2023-04-01,BRAND_267B_COUNTRY_0C7D,0.9001710516292203
2023-04-01,BRAND_E57A_COUNTRY_0C7D,0.9626841911906432
2023-04-01,BRAND_056A_COUNTRY_3AD0,1.183102974886247
2023-04-01,BRAND_A5D5_COUNTRY_5FEB,1.4881886588421298
2023-04-01,BRAND_89E4_COUNTRY_7D31,0.7483061202657252
2023-04-01,BRAND_740F_COUNTRY_8B47,0.9067008182603571
2023-04-01,BRAND_E57A_COUNTRY_EA71,0.9800067170774124
2023-04-01,BRAND_3CEB_COUNTRY_7D31,1.4415634500146697
2023-04-01,BRAND_C352_COUNTRY_8B47,0.9767983752283275
2023-04-01,BRAND_9259_COUNTRY_6B71,1.0369833741355339
2023-04-01,BRAND_9C65_COUNTRY_3536,1.3221017951526135
2023-04-01,BRAND_D786_COUNTRY_3AD0,1.0883763205361638
2023-04-01,BRAND_C352_COUNTRY_6B71,0.9483124554500739
2023-04-01,BRAND_FB69_COUNTRY_4D48,1.142171250002697
2023-04-01,BRAND_7065_COUNTRY_9488,1.3109956473700382
2023-04-01,BRAND_76D6_COUNTRY_AE54,3.1910583369258423
2023-04-01,BRAND_599D_COUNTRY_C51E,0.8595087529035335
2023-04-01,BRAND_056A_COUNTRY_6C16,1.0497624730028305
2023-04-01,BRAND_D13E_COUNTRY_9891,0.8854444193538821
2023-04-01,BRAND_E57A_COUNTRY_6C16,0.9810664129992471
2023-04-01,BRAND_F649_COUNTRY_5180,1.025849872045859
2023-04-01,BRAND_740F_COUNTRY_5180,0.978830563564103
2023-04-01,BRAND_4888_COUNTRY_AE54,3.611461979764879
2023-04-01,BRAND_014B_COUNTRY_6C16,1.1045346812743913
2023-04-01,BRAND_248D_COUNTRY_C89B,0.972962560991456
2023-04-01,BRAND_D72F_COUNTRY_C89B,0.9796865900796834
2023-04-01,BRAND_056A_COUNTRY_5180,0.964931022131364
2023-04-01,BRAND_9259_COUNTRY_6C16,0.9841292484247588
2023-04-01,BRAND_9E22_COUNTRY_5180,0.9569256177834535
2023-04-01,BRAND_CFD9_COUNTRY_AE54,3.1667551269902456
2023-04-01,BRAND_D786_COUNTRY_4253,1.344064864532501
2023-04-01,BRAND_E57A_COUNTRY_9891,0.8825019525994163
2023-04-01,BRAND_056A_COUNTRY_89F9,1.8137083290255844
2023-04-01,BRAND_1E6F_COUNTRY_AE54,3.1174610756001973
2023-04-01,BRAND_A5D5_COUNTRY_C89B,0.9806103191845046
2023-04-01,BRAND_9259_COUNTRY_89F9,1.4152948275227544
2023-04-01,BRAND_BBE0_COUNTRY_C89B,1.0502686522306985
2023-04-01,BRAND_F649_COUNTRY_89F9,1.4997358647071959
2023-04-01,BRAND_056A_COUNTRY_D8B0,3.2946944141665053
2023-04-01,BRAND_B1E8_COUNTRY_AE54,3.0425740920675075
2023-04-01,BRAND_056A_COUNTRY_9891,1.2054911269010051
2023-04-01,BRAND_BC1F_COUNTRY_C89B,1.0088980942039851
2023-04-01,BRAND_D72F_COUNTRY_1033,0.977623364917152
2023-04-01,BRAND_F649_COUNTRY_1033,1.0928259137898875
2023-04-01,BRAND_740F_COUNTRY_53A5,1.5729541233835418
2023-04-01,BRAND_FB57_COUNTRY_907E,1.1439803894843963
2023-04-01,BRAND_D786_COUNTRY_53A5,2.255239105466901
2023-04-01,BRAND_740F_COUNTRY_4D48,1.1224608831500533
2023-04-01,BRAND_E57A_COUNTRY_6F78,0.8811279558568756
2023-04-01,BRAND_E57A_COUNTRY_458E,1.072972203518995
2023-04-01,BRAND_740F_COUNTRY_88A3,1.636976397773609
2023-04-01,BRAND_056A_COUNTRY_458E,0.9567856528879047
2023-04-01,BRAND_9259_COUNTRY_88A3,1.6072503024383582
2023-04-01,BRAND_E57A_COUNTRY_4D48,1.0741204672944897
2023-04-01,BRAND_E57A_COUNTRY_53A5,1.8933302757849995
2023-04-01,BRAND_9259_COUNTRY_3536,1.0151902332150473
2023-04-01,BRAND_740F_COUNTRY_9891,0.9305649099997337
2023-04-01,BRAND_8779_COUNTRY_84C8,0.9140356489041044
2023-04-01,BRAND_29F9_COUNTRY_5FEB,1.0987502921924843
2023-04-01,BRAND_9259_COUNTRY_1007,1.3274287871605577
2023-04-01,BRAND_E57A_COUNTRY_3AD0,0.9941592674013975
2023-04-01,BRAND_5E80_COUNTRY_4D48,1.7869038491181992
2023-04-01,BRAND_C352_COUNTRY_F78A,0.971930853086972
2023-04-01,BRAND_D786_COUNTRY_1033,0.9612748638420505
2023-04-01,BRAND_E57A_COUNTRY_0309,1.3992263124573112
2023-04-01,BRAND_C352_COUNTRY_88A3,1.4548423610355534
2023-04-01,BRAND_3938_COUNTRY_907E,1.7512193116412036
2023-04-01,BRAND_056A_COUNTRY_C8F4,0.9580957960062303
2023-04-01,BRAND_6646_COUNTRY_5FEB,1.5669037509912875
2023-04-01,BRAND_C352_COUNTRY_C8F4,0.9327674149909976
2023-04-01,BRAND_C352_COUNTRY_4D48,1.3484751674034876
2023-04-01,BRAND_4710_COUNTRY_5FEB,1.063849789919181
2023-04-01,BRAND_D72F_COUNTRY_3536,0.9951405584006724
2023-04-01,BRAND_B94B_COUNTRY_5FEB,1.3554201103209647
2023-04-01,BRAND_056A_COUNTRY_0309,1.6766602294337205
2023-04-01,BRAND_F649_COUNTRY_907E,1.6372327592464526
2023-04-01,BRAND_BDB6_COUNTRY_5FEB,1.4412336904968073
2023-04-01,BRAND_014B_COUNTRY_0309,1.5287156387456302
2023-04-01,BRAND_F649_COUNTRY_4D48,1.3103551264903452
2023-04-01,BRAND_9259_COUNTRY_907E,1.3406338660981725
2023-04-01,BRAND_B79F_COUNTRY_B6AE,0.9533701517949908
2023-04-01,BRAND_056A_COUNTRY_53A5,2.4241833778086415
2023-04-01,BRAND_9259_COUNTRY_06E4,0.969554163724957
2023-04-01,BRAND_E57A_COUNTRY_06E4,0.9565215276147585
2023-04-01,BRAND_E57A_COUNTRY_D5B9,1.2890181962824947
2023-04-01,BRAND_740F_COUNTRY_06E4,0.9131693028347356
2023-04-01,BRAND_014B_COUNTRY_06E4,1.0326227396055696
2023-04-01,BRAND_AA1F_COUNTRY_06E4,1.0950759646355797
2023-04-01,BRAND_D786_COUNTRY_5A54,1.048447618255351
2023-04-01,BRAND_2D13_COUNTRY_0C7D,0.9726289570434397
2023-04-01,BRAND_6200_COUNTRY_9488,1.1841420541425627
2023-04-01,BRAND_F649_COUNTRY_A67D,1.0405023769577353
2023-04-01,BRAND_056A_COUNTRY_445D,1.6531951736688741
2023-04-01,BRAND_740F_COUNTRY_9488,0.9481307956139962
2023-04-01,BRAND_1E6F_COUNTRY_4647,1.378366980973035
2023-04-01,BRAND_F649_COUNTRY_5A54,1.0523226746890082
2023-04-01,BRAND_9259_COUNTRY_A67D,0.8225270813951401
2023-04-01,BRAND_7BEC_COUNTRY_445D,2.5655131376303704
2023-04-01,BRAND_C352_COUNTRY_445D,2.0101500886385013
2023-04-01,BRAND_056A_COUNTRY_A67D,1.0591701037754313
2023-04-01,BRAND_F649_COUNTRY_FA79,1.0247684583978598
2023-04-01,BRAND_C352_COUNTRY_5A54,0.9811748368509775
2023-04-01,BRAND_E57A_COUNTRY_88A3,1.6326687650699576
2023-04-01,BRAND_C352_COUNTRY_1007,1.2901876118100448
2023-04-01,BRAND_740F_COUNTRY_0309,1.2192139789413603
2023-04-01,BRAND_E57A_COUNTRY_9488,0.9501449339416626
2023-04-01,BRAND_ED43_COUNTRY_7D31,1.300736978717
2023-04-01,BRAND_C352_COUNTRY_9488,0.9818235931636068
2023-04-01,BRAND_C94B_COUNTRY_5A54,1.099533087043108
2023-04-01,BRAND_106A_COUNTRY_E319,1.207810054544393
2023-04-01,BRAND_E9AB_COUNTRY_5A54,1.0375586888228427
2023-04-01,BRAND_9259_COUNTRY_FA79,0.9561534185311953
2023-04-01,BRAND_60F2_COUNTRY_C89B,1.5843446794891516
2023-04-01,BRAND_056A_COUNTRY_4442,1.2729918363427393
2023-05-01,BRAND_C352_COUNTRY_4D48,1.3483436764269605
2023-05-01,BRAND_056A_COUNTRY_458E,0.9639731886425668
2023-05-01,BRAND_C352_COUNTRY_1007,1.293505825796845
2023-05-01,BRAND_F649_COUNTRY_907E,1.6599544000164455
2023-05-01,BRAND_E57A_COUNTRY_4D48,1.1466765681672528
2023-05-01,BRAND_740F_COUNTRY_5180,0.976243639945159
2023-05-01,BRAND_740F_COUNTRY_9891,0.9338752467363772
2023-05-01,BRAND_740F_COUNTRY_0309,1.1611122615058513
2023-05-01,BRAND_C352_COUNTRY_907E,1.4049316560605731
2023-05-01,BRAND_3938_COUNTRY_907E,1.8791699833318494
2023-05-01,BRAND_6646_COUNTRY_5FEB,1.5052261911081886
2023-05-01,BRAND_1E6F_COUNTRY_AE54,3.475135529584826
2023-05-01,BRAND_9259_COUNTRY_1007,1.3403272800030186
2023-05-01,BRAND_740F_COUNTRY_88A3,1.6384712982976457
2023-05-01,BRAND_D72F_COUNTRY_3536,0.9954918407067519
2023-05-01,BRAND_F649_COUNTRY_1033,1.0908458764541322
2023-05-01,BRAND_D786_COUNTRY_4D48,1.034537492953582
2023-05-01,BRAND_BC1F_COUNTRY_C89B,1.015562147584067
2023-05-01,BRAND_E57A_COUNTRY_88A3,1.6494763239704455
2023-05-01,BRAND_BDB6_COUNTRY_5FEB,1.4158486288129581
2023-05-01,BRAND_A5D5_COUNTRY_C89B,0.9809312781528704
2023-05-01,BRAND_5E80_COUNTRY_4D48,1.8311306334129918
2023-05-01,BRAND_D786_COUNTRY_4253,1.2580366647591132
2023-05-01,BRAND_9259_COUNTRY_06E4,0.9695667343704716
2023-05-01,BRAND_FB69_COUNTRY_4D48,1.1413363595986383
2023-05-01,BRAND_740F_COUNTRY_3AD0,0.966781719026607
2023-05-01,BRAND_056A_COUNTRY_89F9,1.8015411872287015
2023-05-01,BRAND_C352_COUNTRY_8B47,0.992646086939123
2023-05-01,BRAND_8779_COUNTRY_84C8,0.9081667714313818
2023-05-01,BRAND_9259_COUNTRY_3536,1.0155979670305912
2023-05-01,BRAND_D786_COUNTRY_3AD0,1.0911711920381333
2023-05-01,BRAND_F649_COUNTRY_4D48,1.321301368314899
2023-05-01,BRAND_9259_COUNTRY_88A3,1.6236656263907936
2023-05-01,BRAND_740F_COUNTRY_4D48,1.123880267158578
2023-05-01,BRAND_056A_COUNTRY_4242,0.8414305008752437
2023-05-01,BRAND_D786_COUNTRY_53A5,2.314379477539656
2023-05-01,BRAND_E57A_COUNTRY_6F78,0.9826611503289194
2023-05-01,BRAND_E57A_COUNTRY_458E,1.0709509235341281
2023-05-01,BRAND_B94B_COUNTRY_5FEB,1.3759723427879533
2023-05-01,BRAND_B79F_COUNTRY_B6AE,0.9533759023287063
2023-05-01,BRAND_C352_COUNTRY_F78A,0.9661805962762932
2023-05-01,BRAND_4710_COUNTRY_5FEB,1.185475247016054
2023-05-01,BRAND_E57A_COUNTRY_53A5,1.8946479147410797
2023-05-01,BRAND_C352_COUNTRY_C8F4,0.9351722654176219
2023-05-01,BRAND_9259_COUNTRY_E319,0.8495241017501687
2023-05-01,BRAND_056A_COUNTRY_C8F4,0.9885687093819566
2023-05-01,BRAND_056A_COUNTRY_53A5,2.484663561947387
2023-05-01,BRAND_248D_COUNTRY_C89B,0.98095540345267
2023-05-01,BRAND_014B_COUNTRY_6C16,1.1048270140568985
2023-05-01,BRAND_C352_COUNTRY_88A3,1.4549006058367708
2023-05-01,BRAND_9C65_COUNTRY_3536,1.3248254748330899
2023-05-01,BRAND_9259_COUNTRY_4242,1.0129170244255468
2023-05-01,BRAND_F649_COUNTRY_C8F4,0.9030802696246177
2023-05-01,BRAND_29F9_COUNTRY_5FEB,1.144200111383357
2023-05-01,BRAND_E57A_COUNTRY_3AD0,1.002869585508532
2023-05-01,BRAND_E57A_COUNTRY_0309,1.3994606605555497
2023-05-01,BRAND_B1E8_COUNTRY_AE54,3.3568003490249434
2023-05-01,BRAND_056A_COUNTRY_0309,1.8235105681815393
2023-05-01,BRAND_CFD9_COUNTRY_AE54,2.4447753650113544
2023-05-01,BRAND_740F_COUNTRY_53A5,1.598185294980393
2023-05-01,BRAND_2D13_COUNTRY_0C7D,0.9644269511746402
2023-05-01,BRAND_D72F_COUNTRY_1033,0.9519498116346127
2023-05-01,BRAND_BBE0_COUNTRY_C89B,1.046065233273137
2023-05-01,BRAND_FB57_COUNTRY_907E,1.1457691041893168
2023-05-01,BRAND_9E22_COUNTRY_5180,1.0014164285450684
2023-05-01,BRAND_056A_COUNTRY_3AD0,1.183102974886247
2023-05-01,BRAND_740F_COUNTRY_6C16,0.9220171492266765
2023-05-01,BRAND_014B_COUNTRY_0309,1.5593557798730155
2023-05-01,BRAND_D72F_COUNTRY_C89B,0.9714631068592036
2023-05-01,BRAND_267B_COUNTRY_0C7D,0.9031350346312466
2023-05-01,BRAND_89E4_COUNTRY_7D31,0.9048807299086562
2023-05-01,BRAND_9259_COUNTRY_907E,1.356798436472974
2023-05-01,BRAND_D13E_COUNTRY_9891,0.876783565361862
2023-05-01,BRAND_D786_COUNTRY_1033,0.9468785930231765
2023-05-01,BRAND_C352_COUNTRY_0C7D,0.917492873931913
2023-05-01,BRAND_9259_COUNTRY_A67D,0.834110115807235
2023-05-01,BRAND_056A_COUNTRY_D8B0,3.388206925908644
2023-05-01,BRAND_ED43_COUNTRY_7D31,1.2752914946432141
2023-05-01,BRAND_76D6_COUNTRY_AE54,3.1728216612732147
2023-05-01,BRAND_7065_COUNTRY_9488,1.2713257276885506
2023-05-01,BRAND_A5D5_COUNTRY_5FEB,1.4561747397874674
2023-05-01,BRAND_C94B_COUNTRY_5A54,1.1466385611243197
2023-05-01,BRAND_056A_COUNTRY_6B71,1.0626097850542513
2023-05-01,BRAND_E9AB_COUNTRY_5A54,1.0360935866612155
2023-05-01,BRAND_F649_COUNTRY_A67D,1.0280834851317224
2023-05-01,BRAND_C3A1_COUNTRY_5180,0.8983038870637977
2023-05-01,BRAND_C352_COUNTRY_6B71,0.9511538062982391
2023-05-01,BRAND_056A_COUNTRY_4442,1.3298667592620395
2023-05-01,BRAND_9259_COUNTRY_89F9,1.4979910531344165
2023-05-01,BRAND_60F2_COUNTRY_C89B,1.5845062755735297
2023-05-01,BRAND_9259_COUNTRY_6C16,0.9870815369012669
2023-05-01,BRAND_740F_COUNTRY_06E4,0.9116179033891723
2023-05-01,BRAND_E57A_COUNTRY_9891,0.9650060530765706
2023-05-01,BRAND_4888_COUNTRY_AE54,2.7697316197464117
2023-05-01,BRAND_ACB5_COUNTRY_9488,0.9250792564049994
2023-05-01,BRAND_A12A_COUNTRY_C51E,0.9053034010274705
2023-05-01,BRAND_7BEC_COUNTRY_445D,2.8799395781688384
2023-05-01,BRAND_F649_COUNTRY_5A54,1.0385470472308511
2023-05-01,BRAND_E57A_COUNTRY_0C7D,0.9661222146326311
2023-05-01,BRAND_C352_COUNTRY_5A54,0.9691770939028217
2023-05-01,BRAND_056A_COUNTRY_A67D,1.0373547340008145
2023-05-01,BRAND_056A_COUNTRY_5A54,1.043065634891294
2023-05-01,BRAND_9259_COUNTRY_5180,1.0401640317317928
2023-05-01,BRAND_740F_COUNTRY_8B47,0.9381009617892712
2023-05-01,BRAND_3CEB_COUNTRY_7D31,1.492192611192384
2023-05-01,BRAND_056A_COUNTRY_6C16,1.0519061628202455
2023-05-01,BRAND_9259_COUNTRY_6B71,1.046646316057643
2023-05-01,BRAND_7BEC_COUNTRY_4253,2.3694560714497053
2023-05-01,BRAND_4F19_COUNTRY_5FEB,0.8609928375189633
2023-05-01,BRAND_A5D5_COUNTRY_7D31,1.1991270929709474
2023-05-01,BRAND_248D_COUNTRY_EA71,1.0928656497335478
2023-05-01,BRAND_E57A_COUNTRY_6C16,0.9841277693101349
2023-05-01,BRAND_12B2_COUNTRY_AE54,4.101009673922426
2023-05-01,BRAND_E57A_COUNTRY_8B47,0.9137022325896987
2023-05-01,BRAND_014B_COUNTRY_06E4,1.0188922259622795
2023-05-01,BRAND_F649_COUNTRY_89F9,1.5189713564480223
2023-05-01,BRAND_599D_COUNTRY_C51E,0.858481152997388
2023-05-01,BRAND_056A_COUNTRY_06E4,1.0096875712436426
2023-05-01,BRAND_D786_COUNTRY_5A54,1.0343936432543996
2023-05-01,BRAND_267B_COUNTRY_9488,1.0930398966962294
2023-05-01,BRAND_E57A_COUNTRY_06E4,0.95315030792542
2023-05-01,BRAND_E57A_COUNTRY_EA71,0.9744885529477443
2023-05-01,BRAND_F649_COUNTRY_2E65,1.0668488442733495
2023-05-01,BRAND_056A_COUNTRY_9891,1.1896372783487466
2023-05-01,BRAND_F649_COUNTRY_D5B9,0.9609512599394425
2023-05-01,BRAND_E57A_COUNTRY_D5B9,1.0071912807745367
2023-05-01,BRAND_F649_COUNTRY_FA79,1.0657641270775589
2023-05-01,BRAND_9259_COUNTRY_FA79,1.0138400539823298
2023-05-01,BRAND_AA1F_COUNTRY_06E4,1.1097218527619255
2023-05-01,BRAND_F649_COUNTRY_5180,1.0290620490604159
2023-05-01,BRAND_106A_COUNTRY_E319,1.211912190630382
2023-05-01,BRAND_E57A_COUNTRY_5180,0.9580400641831132
2023-05-01,BRAND_F649_COUNTRY_EA71,1.1715387722922816
2023-05-01,BRAND_6200_COUNTRY_9488,1.1959922394228581
2023-05-01,BRAND_056A_COUNTRY_445D,1.736240242015017
2023-05-01,BRAND_C352_COUNTRY_445D,2.003521828542519
2023-05-01,BRAND_740F_COUNTRY_9488,0.968220990141895
2023-05-01,BRAND_056A_COUNTRY_5180,0.9824482041878282
2023-05-01,BRAND_E57A_COUNTRY_9488,0.9689165560977832
2023-05-01,BRAND_1E6F_COUNTRY_4647,1.3562498479496
2023-05-01,BRAND_C352_COUNTRY_9488,0.9925499798498459
2023-06-01,BRAND_D786_COUNTRY_4253,1.3370407535875515
2023-06-01,BRAND_056A_COUNTRY_458E,0.9522045421965911
2023-06-01,BRAND_F649_COUNTRY_EA71,1.1607171847621043
2023-06-01,BRAND_E57A_COUNTRY_EA71,0.9955865603236508
2023-06-01,BRAND_E57A_COUNTRY_9891,1.0085998974083679
2023-06-01,BRAND_E57A_COUNTRY_458E,1.039012368607683
2023-06-01,BRAND_C352_COUNTRY_C8F4,0.9354354365664843
2023-06-01,BRAND_D72F_COUNTRY_1033,0.9607938397919252
2023-06-01,BRAND_FB57_COUNTRY_907E,1.2080390134344254
2023-06-01,BRAND_E57A_COUNTRY_0309,1.5103591410742765
2023-06-01,BRAND_C352_COUNTRY_8B47,0.9824036877341157
2023-06-01,BRAND_E57A_COUNTRY_0C7D,0.9600159583721228
2023-06-01,BRAND_C352_COUNTRY_0C7D,0.907830589972006
2023-06-01,BRAND_F649_COUNTRY_C8F4,0.9293663165484348
2023-06-01,BRAND_E57A_COUNTRY_6F78,1.0553950501463707
2023-06-01,BRAND_E57A_COUNTRY_8B47,0.901281679231283
2023-06-01,BRAND_9259_COUNTRY_4242,1.0045481658295463
2023-06-01,BRAND_056A_COUNTRY_4242,0.8692492550372275
2023-06-01,BRAND_A12A_COUNTRY_C51E,0.9062366391080188
2023-06-01,BRAND_F649_COUNTRY_2E65,1.1565843827072047
2023-06-01,BRAND_ACB5_COUNTRY_9488,0.9290745343915624
2023-06-01,BRAND_6200_COUNTRY_9488,1.1944737972044186
2023-06-01,BRAND_D786_COUNTRY_5A54,1.0335220426030625
2023-06-01,BRAND_B94B_COUNTRY_5FEB,1.4675585923624637
2023-06-01,BRAND_3938_COUNTRY_907E,1.926402801537344
2023-06-01,BRAND_F649_COUNTRY_4D48,1.3621528525719466
2023-06-01,BRAND_740F_COUNTRY_88A3,1.6412013446475897
2023-06-01,BRAND_740F_COUNTRY_8B47,0.9466201332967814
2023-06-01,BRAND_9259_COUNTRY_E319,0.8562018552697984
2023-06-01,BRAND_056A_COUNTRY_6B71,1.0712382623617767
2023-06-01,BRAND_F649_COUNTRY_907E,1.6799043346539608
2023-06-01,BRAND_056A_COUNTRY_D8B0,3.5959342137455805
2023-06-01,BRAND_12B2_COUNTRY_AE54,3.5352593573586866
2023-06-01,BRAND_F649_COUNTRY_1033,1.2299883725980714
2023-06-01,BRAND_267B_COUNTRY_9488,1.0987715287463844
2023-06-01,BRAND_056A_COUNTRY_0309,2.065726977044669
2023-06-01,BRAND_A5D5_COUNTRY_5FEB,1.4932936305983802
2023-06-01,BRAND_D72F_COUNTRY_3536,1.0352617767285286
2023-06-01,BRAND_60F2_COUNTRY_C89B,1.5923651752464236
2023-06-01,BRAND_056A_COUNTRY_4442,1.327528299744213
2023-06-01,BRAND_C352_COUNTRY_6B71,0.961102975608304
2023-06-01,BRAND_9259_COUNTRY_3536,1.0676743988919404
2023-06-01,BRAND_E57A_COUNTRY_88A3,1.669770040542073
2023-06-01,BRAND_F649_COUNTRY_221C,0.9753693340603378
2023-06-01,BRAND_C352_COUNTRY_907E,1.4237317588487677
2023-06-01,BRAND_76D6_COUNTRY_AE54,3.2380396445191217
2023-06-01,BRAND_7065_COUNTRY_9488,1.2787553985837223
2023-06-01,BRAND_E57A_COUNTRY_9488,0.9641408537258759
2023-06-01,BRAND_740F_COUNTRY_9891,0.9142410041488584
2023-06-01,BRAND_CFD9_COUNTRY_AE54,2.868004657187102
2023-06-01,BRAND_9259_COUNTRY_88A3,1.6183218517844338
2023-06-01,BRAND_FB69_COUNTRY_4D48,1.153083767924153
2023-06-01,BRAND_C352_COUNTRY_9488,1.0047630358357924
2023-06-01,BRAND_9259_COUNTRY_6B71,1.047647792564349
2023-06-01,BRAND_8779_COUNTRY_84C8,0.9095774885392102
2023-06-01,BRAND_248D_COUNTRY_EA71,1.0790090453026864
2023-06-01,BRAND_7BEC_COUNTRY_4253,2.5360163324933382
2023-06-01,BRAND_056A_COUNTRY_C8F4,0.9971827496784285
2023-06-01,BRAND_B1E8_COUNTRY_AE54,3.4544064640772927
2023-06-01,BRAND_014B_COUNTRY_0309,1.6216754576891406
2023-06-01,BRAND_740F_COUNTRY_0309,1.123907660400472
2023-06-01,BRAND_C352_COUNTRY_88A3,1.461609443992666
2023-06-01,BRAND_D786_COUNTRY_1033,0.9629381565946914
2023-06-01,BRAND_C352_COUNTRY_445D,2.052418769386268
2023-06-01,BRAND_9259_COUNTRY_907E,1.4438666118122674
2023-06-01,BRAND_9259_COUNTRY_FA79,1.0253317355494689
2023-06-01,BRAND_7250_COUNTRY_D8B0,3.415752061086509
2023-06-01,BRAND_106A_COUNTRY_E319,1.240906354820911
2023-06-01,BRAND_599D_COUNTRY_C51E,0.8696038318363407
2023-06-01,BRAND_740F_COUNTRY_06E4,0.9160870760214321
2023-06-01,BRAND_BBE0_COUNTRY_C89B,1.048823554502433
2023-06-01,BRAND_D13E_COUNTRY_9891,0.8698496301429511
2023-06-01,BRAND_1E6F_COUNTRY_AE54,3.347033005196819
2023-06-01,BRAND_E57A_COUNTRY_53A5,1.9689331786409192
2023-06-01,BRAND_056A_COUNTRY_445D,1.7899543506221467
2023-06-01,BRAND_E57A_COUNTRY_3AD0,1.0100320256248323
2023-06-01,BRAND_BDB6_COUNTRY_5FEB,1.45518587991442
2023-06-01,BRAND_740F_COUNTRY_53A5,1.726745739101954
2023-06-01,BRAND_740F_COUNTRY_9488,0.9522544583252462
2023-06-01,BRAND_AA1F_COUNTRY_06E4,1.1032316787991863
2023-06-01,BRAND_B79F_COUNTRY_B6AE,0.9554883112985161
2023-06-01,BRAND_F649_COUNTRY_FA79,1.0685965591712574
2023-06-01,BRAND_056A_COUNTRY_53A5,2.5007722958545626
2023-06-01,BRAND_056A_COUNTRY_06E4,1.0594862078403686
2023-06-01,BRAND_D786_COUNTRY_4D48,1.042678836165475
2023-06-01,BRAND_E9AB_COUNTRY_5A54,1.0389304697587713
2023-06-01,BRAND_2D13_COUNTRY_0C7D,0.9694064544385518
2023-06-01,BRAND_9259_COUNTRY_5180,1.0521979316419208
2023-06-01,BRAND_D786_COUNTRY_3AD0,1.0714797794324957
2023-06-01,BRAND_7BEC_COUNTRY_445D,2.8407570637178847
2023-06-01,BRAND_C3A1_COUNTRY_5180,0.911725169775448
2023-06-01,BRAND_C94B_COUNTRY_5A54,1.2766237594346832
2023-06-01,BRAND_89E4_COUNTRY_7D31,0.9422651061993007
2023-06-01,BRAND_9E22_COUNTRY_5180,1.0049634967155976
2023-06-01,BRAND_BC1F_COUNTRY_C89B,1.0117805725425653
2023-06-01,BRAND_F649_COUNTRY_5180,1.040526908853147
2023-06-01,BRAND_29F9_COUNTRY_5FEB,1.18877893502533
2023-06-01,BRAND_056A_COUNTRY_5180,1.0264927968332607
2023-06-01,BRAND_4710_COUNTRY_5FEB,1.3838510250477556
2023-06-01,BRAND_4F19_COUNTRY_5FEB,1.0974114116630596
2023-06-01,BRAND_740F_COUNTRY_4D48,1.1355718673226083
2023-06-01,BRAND_9259_COUNTRY_89F9,1.546592564127194
2023-06-01,BRAND_9259_COUNTRY_6C16,0.985224090611236
2023-06-01,BRAND_D786_COUNTRY_53A5,2.6165679498784393
2023-06-01,BRAND_A5D5_COUNTRY_C89B,0.9716676654984628
2023-06-01,BRAND_1E6F_COUNTRY_4647,1.3975264885714143
2023-06-01,BRAND_248D_COUNTRY_C89B,0.992059780707178
2023-06-01,BRAND_014B_COUNTRY_6C16,1.1047839857807809
2023-06-01,BRAND_D72F_COUNTRY_C89B,0.9770914508820947
2023-06-01,BRAND_C352_COUNTRY_F78A,0.982127090667934
2023-06-01,BRAND_056A_COUNTRY_9891,1.197046852750119
2023-06-01,BRAND_9259_COUNTRY_06E4,0.9697143725233451
2023-06-01,BRAND_740F_COUNTRY_3AD0,0.9810486157985353
2023-06-01,BRAND_6646_COUNTRY_5FEB,1.5507263029870384
2023-06-01,BRAND_F649_COUNTRY_89F9,1.6001012060746145
2023-06-01,BRAND_014B_COUNTRY_06E4,0.9084823432702729
2023-06-01,BRAND_056A_COUNTRY_1007,1.781119381880455
2023-06-01,BRAND_F649_COUNTRY_D5B9,0.9701958534931666
2023-06-01,BRAND_9259_COUNTRY_1007,1.3373588537896473
2023-06-01,BRAND_E57A_COUNTRY_6C16,0.9798099694581949
2023-06-01,BRAND_C352_COUNTRY_4D48,1.2846306865477588
2023-06-01,BRAND_C352_COUNTRY_5A54,0.9698343521849752
2023-06-01,BRAND_056A_COUNTRY_A67D,1.0373248651948197
2023-06-01,BRAND_E57A_COUNTRY_5180,0.9756398043518951
2023-06-01,BRAND_F649_COUNTRY_A67D,1.04291173935153
2023-06-01,BRAND_5E80_COUNTRY_4D48,2.2614940374515182
2023-06-01,BRAND_4888_COUNTRY_AE54,3.184813990197704
2023-06-01,BRAND_C352_COUNTRY_1007,1.4488838935927248
2023-06-01,BRAND_740F_COUNTRY_5180,0.9934484813074068
2023-06-01,BRAND_E57A_COUNTRY_06E4,0.9556845124093439
2023-06-01,BRAND_E57A_COUNTRY_4D48,1.1612666575081734
2023-06-01,BRAND_056A_COUNTRY_6C16,1.0546476330879482
2023-06-01,BRAND_E57A_COUNTRY_D5B9,1.0171524543150938
2023-06-01,BRAND_9C65_COUNTRY_3536,1.3206422708846357
2023-06-01,BRAND_F649_COUNTRY_5A54,1.0344002681237658
2023-06-01,BRAND_3CEB_COUNTRY_7D31,1.6619478929828788
2023-06-01,BRAND_9259_COUNTRY_A67D,0.8686617138532762
2023-06-01,BRAND_056A_COUNTRY_5A54,1.0327187401612778
2023-06-01,BRAND_A5D5_COUNTRY_7D31,1.22595376993708
2023-06-01,BRAND_056A_COUNTRY_89F9,1.8467883091287731
2023-06-01,BRAND_056A_COUNTRY_3AD0,1.1840647392814556
2023-06-01,BRAND_ED43_COUNTRY_7D31,1.2986875610864068
2023-06-01,BRAND_267B_COUNTRY_0C7D,0.9283872075026866
2023-06-01,BRAND_740F_COUNTRY_6C16,0.9273094885433645
2023-07-01,BRAND_12B2_COUNTRY_AE54,3.6705093060028364
2023-07-01,BRAND_F649_COUNTRY_EA71,1.1722321182195068
2023-07-01,BRAND_106A_COUNTRY_E319,1.1371268993007015
2023-07-01,BRAND_740F_COUNTRY_9488,0.9443186678860417
2023-07-01,BRAND_248D_COUNTRY_EA71,1.0684343322920842
2023-07-01,BRAND_E57A_COUNTRY_5180,0.9903841059724653
2023-07-01,BRAND_056A_COUNTRY_06E4,1.061623165600541
2023-07-01,BRAND_E57A_COUNTRY_8B47,0.9391261504349621
2023-07-01,BRAND_014B_COUNTRY_06E4,0.9096135425235274
2023-07-01,BRAND_F649_COUNTRY_89F9,1.6518053654653932
2023-07-01,BRAND_F649_COUNTRY_5180,1.0449299888426138
2023-07-01,BRAND_9259_COUNTRY_FA79,1.027194387330635
2023-07-01,BRAND_C352_COUNTRY_445D,2.052668384394031
2023-07-01,BRAND_1E6F_COUNTRY_4647,1.394034265701314
2023-07-01,BRAND_C352_COUNTRY_9488,1.0047630358357924
2023-07-01,BRAND_FEAE_COUNTRY_77DA,0.9103443255748512
2023-07-01,BRAND_056A_COUNTRY_5180,1.0247009863581382
2023-07-01,BRAND_E57A_COUNTRY_9488,0.9547585162809556
2023-07-01,BRAND_056A_COUNTRY_445D,1.8330216024197137
2023-07-01,BRAND_E57A_COUNTRY_6C16,0.9785394556659354
2023-07-01,BRAND_E57A_COUNTRY_EA71,1.0036176907257472
2023-07-01,BRAND_E57A_COUNTRY_D5B9,1.0401563605567534
2023-07-01,BRAND_056A_COUNTRY_89F9,1.9714212602882235
2023-07-01,BRAND_267B_COUNTRY_9488,1.1317561758347605
2023-07-01,BRAND_B1E8_COUNTRY_AE54,3.3861936923005302
2023-07-01,BRAND_9259_COUNTRY_1007,1.3183510513801246
2023-07-01,BRAND_E57A_COUNTRY_06E4,0.9618785040100969
2023-07-01,BRAND_9259_COUNTRY_EA71,0.9378932264354984
2023-07-01,BRAND_C352_COUNTRY_8B47,1.0277204059051903
2023-07-01,BRAND_9259_COUNTRY_06E4,1.030841631596497
2023-07-01,BRAND_D786_COUNTRY_5A54,1.0423912055784272
2023-07-01,BRAND_599D_COUNTRY_C51E,0.9068946935789003
2023-07-01,BRAND_F649_COUNTRY_A67D,1.0749802485464932
2023-07-01,BRAND_056A_COUNTRY_9891,1.2174559844454325
2023-07-01,BRAND_F649_COUNTRY_2E65,1.1452439313969158
2023-07-01,BRAND_F649_COUNTRY_D5B9,0.9792992593777226
2023-07-01,BRAND_056A_COUNTRY_6B71,1.0731331604231455
2023-07-01,BRAND_056A_COUNTRY_D8B0,3.664924621372797
2023-07-01,BRAND_7BEC_COUNTRY_4253,2.662322687810638
2023-07-01,BRAND_ED43_COUNTRY_7D31,1.3073573614658889
2023-07-01,BRAND_E57A_COUNTRY_9891,1.016840594563352
2023-07-01,BRAND_7BEC_COUNTRY_445D,2.8163529323261893
2023-07-01,BRAND_F649_COUNTRY_5A54,0.9910117257873942
2023-07-01,BRAND_9259_COUNTRY_5180,1.0388493877254155
2023-07-01,BRAND_056A_COUNTRY_5A54,1.093291352430981
2023-07-01,BRAND_9259_COUNTRY_A67D,0.8818651841110393
2023-07-01,BRAND_C352_COUNTRY_0C7D,0.9164628122217463
2023-07-01,BRAND_7065_COUNTRY_9488,1.2704437970711038
2023-07-01,BRAND_056A_COUNTRY_6C16,1.054527466404511
2023-07-01,BRAND_4888_COUNTRY_AE54,3.009932529501715
2023-07-01,BRAND_C352_COUNTRY_6B71,0.9962929432662442
2023-07-01,BRAND_E57A_COUNTRY_0C7D,0.9698813110082727
2023-07-01,BRAND_C3A1_COUNTRY_5180,0.9139980966809722
2023-07-01,BRAND_9259_COUNTRY_0C7D,0.9509760571151539
2023-07-01,BRAND_740F_COUNTRY_8B47,0.9477247799492207
2023-07-01,BRAND_056A_COUNTRY_A67D,1.1001009059761402
2023-07-01,BRAND_A5D5_COUNTRY_5FEB,1.5068565971006944
2023-07-01,BRAND_E9AB_COUNTRY_5A54,1.0742805525432897
2023-07-01,BRAND_C352_COUNTRY_5A54,0.9749213158059563
2023-07-01,BRAND_6200_COUNTRY_9488,1.2113139889253384
2023-07-01,BRAND_740F_COUNTRY_06E4,0.9163809261666002
2023-07-01,BRAND_F649_COUNTRY_FA79,1.0400868162507406
2023-07-01,BRAND_AA1F_COUNTRY_06E4,1.1066518763096589
2023-07-01,BRAND_A5D5_COUNTRY_7D31,1.2348129459097235
2023-07-01,BRAND_76D6_COUNTRY_AE54,3.245240432524201
2023-07-01,BRAND_ACB5_COUNTRY_9488,0.9365237125936118
2023-07-01,BRAND_C94B_COUNTRY_5A54,1.283542154939956
2023-07-01,BRAND_9259_COUNTRY_6B71,1.0488463422592502
2023-07-01,BRAND_A12A_COUNTRY_C51E,0.9064528556849709
2023-07-01,BRAND_9259_COUNTRY_89F9,1.5556570878546225
2023-07-01,BRAND_9259_COUNTRY_6C16,0.9821114316336303
2023-07-01,BRAND_60F2_COUNTRY_C89B,1.5977179932619683
2023-07-01,BRAND_056A_COUNTRY_4442,1.3253078940822332
2023-07-01,BRAND_FB57_COUNTRY_907E,1.2130234490600453
2023-07-01,BRAND_056A_COUNTRY_3AD0,1.212140488988161
2023-07-01,BRAND_9C65_COUNTRY_3536,1.3217679964323257
2023-07-01,BRAND_056A_COUNTRY_0309,2.0913682884274376
2023-07-01,BRAND_9259_COUNTRY_88A3,1.6227212264783535
2023-07-01,BRAND_740F_COUNTRY_4D48,1.1372980016895287
2023-07-01,BRAND_740F_COUNTRY_53A5,1.7052778108835636
2023-07-01,BRAND_BBE0_COUNTRY_C89B,1.0534965102370577
2023-07-01,BRAND_D72F_COUNTRY_3536,1.0382647665080027
2023-07-01,BRAND_2D13_COUNTRY_0C7D,0.9680809960590221
2023-07-01,BRAND_C352_COUNTRY_C8F4,0.9541605495924766
2023-07-01,BRAND_740F_COUNTRY_6C16,0.9305110370761136
2023-07-01,BRAND_9259_COUNTRY_4242,1.0135898512975947
2023-07-01,BRAND_1E6F_COUNTRY_AE54,3.47891079820848
2023-07-01,BRAND_D786_COUNTRY_4D48,1.0630808356828294
2023-07-01,BRAND_BC1F_COUNTRY_C89B,1.0286065277976237
2023-07-01,BRAND_9259_COUNTRY_E319,0.8792239143497311
2023-07-01,BRAND_C352_COUNTRY_907E,1.4813280007322926
2023-07-01,BRAND_CFD9_COUNTRY_AE54,2.6747295672075206
2023-07-01,BRAND_A5D5_COUNTRY_C89B,0.9822137850585769
2023-07-01,BRAND_E57A_COUNTRY_88A3,1.6712818409954127
2023-07-01,BRAND_D786_COUNTRY_53A5,2.6180627381532235
2023-07-01,BRAND_BDB6_COUNTRY_5FEB,1.463890467788731
2023-07-01,BRAND_FB69_COUNTRY_4D48,1.1553878241697177
2023-07-01,BRAND_740F_COUNTRY_3AD0,0.986240065802285
2023-07-01,BRAND_F649_COUNTRY_221C,1.0456424818102528
2023-07-01,BRAND_9259_COUNTRY_3536,1.0574812630034083
2023-07-01,BRAND_E57A_COUNTRY_0309,1.479346462467955
2023-07-01,BRAND_F649_COUNTRY_C8F4,0.9662965524444221
2023-07-01,BRAND_056A_COUNTRY_C8F4,1.0639228110022807
2023-07-01,BRAND_3CEB_COUNTRY_7D31,1.616904643340208
2023-07-01,BRAND_267B_COUNTRY_0C7D,0.9501625967134586
2023-07-01,BRAND_014B_COUNTRY_0309,1.6416336593962684
2023-07-01,BRAND_89E4_COUNTRY_7D31,0.968411331088139
2023-07-01,BRAND_9E22_COUNTRY_5180,1.0128927569391823
2023-07-01,BRAND_7250_COUNTRY_D8B0,3.932792896698646
2023-07-01,BRAND_740F_COUNTRY_5180,1.0102778267168255
2023-07-01,BRAND_740F_COUNTRY_0309,1.1728405880985808
2023-07-01,BRAND_056A_COUNTRY_4242,0.8901674342527763
2023-07-01,BRAND_740F_COUNTRY_88A3,1.6336018786585118
2023-07-01,BRAND_D786_COUNTRY_3AD0,1.1025016773719056
2023-07-01,BRAND_8779_COUNTRY_84C8,0.9104512808016997
2023-07-01,BRAND_D72F_COUNTRY_1033,0.9656084671104115
2023-07-01,BRAND_056A_COUNTRY_458E,0.9593828378387889
2023-07-01,BRAND_C352_COUNTRY_4D48,1.3013440283348312
2023-07-01,BRAND_6646_COUNTRY_5FEB,1.5720567536595509
2023-07-01,BRAND_056A_COUNTRY_3536,1.0527431097721436
2023-07-01,BRAND_E57A_COUNTRY_4D48,1.168268763742797
2023-07-01,BRAND_C352_COUNTRY_1007,1.4519563550505665
2023-07-01,BRAND_F649_COUNTRY_1033,1.2398249572450553
2023-07-01,BRAND_056A_COUNTRY_1007,1.813368731177012
2023-07-01,BRAND_3938_COUNTRY_907E,1.9636147934116428
2023-07-01,BRAND_E57A_COUNTRY_6F78,1.0444415479175126
2023-07-01,BRAND_B94B_COUNTRY_5FEB,1.4952076958229232
2023-07-01,BRAND_248D_COUNTRY_C89B,1.050104283430151
2023-07-01,BRAND_4710_COUNTRY_5FEB,1.4180796374857485
2023-07-01,BRAND_C352_COUNTRY_F78A,1.0333125329325978
2023-07-01,BRAND_056A_COUNTRY_53A5,2.5433763484255696
2023-07-01,BRAND_014B_COUNTRY_6C16,1.101521345924195
2023-07-01,BRAND_D786_COUNTRY_1033,1.0582619562798818
2023-07-01,BRAND_F649_COUNTRY_907E,1.6830743628669083
2023-07-01,BRAND_740F_COUNTRY_9891,0.923494594611332
2023-07-01,BRAND_B79F_COUNTRY_B6AE,0.9553771225104656
2023-07-01,BRAND_D13E_COUNTRY_9891,0.9002740741755296
2023-07-01,BRAND_9259_COUNTRY_907E,1.4448090254498385
2023-07-01,BRAND_D72F_COUNTRY_C89B,0.9908302721726969
2023-07-01,BRAND_4F19_COUNTRY_5FEB,0.938513643301968
2023-07-01,BRAND_5E80_COUNTRY_4D48,2.7474470641912183
2023-07-01,BRAND_F649_COUNTRY_4D48,1.3786286544922501
2023-07-01,BRAND_E57A_COUNTRY_458E,1.108263515542992
2023-07-01,BRAND_D786_COUNTRY_4253,1.3516414047417418
2023-07-01,BRAND_29F9_COUNTRY_5FEB,1.2020686331303325
2023-07-01,BRAND_E57A_COUNTRY_53A5,2.0106616823913113
2023-07-01,BRAND_C352_COUNTRY_88A3,1.4697933974208883
2023-07-01,BRAND_E57A_COUNTRY_3AD0,1.015055165573672
2023-08-01,BRAND_9259_COUNTRY_907E,1.4840694056344697
2023-08-01,BRAND_740F_COUNTRY_9891,0.9159760694377684
2023-08-01,BRAND_C352_COUNTRY_907E,1.4963926171042985
2023-08-01,BRAND_9259_COUNTRY_1007,1.3402320917169102
2023-08-01,BRAND_D72F_COUNTRY_3536,1.044780371955818
2023-08-01,BRAND_056A_COUNTRY_4242,0.8891792351770058
2023-08-01,BRAND_7250_COUNTRY_D8B0,4.228687163456241
2023-08-01,BRAND_B1E8_COUNTRY_AE54,3.4976408012459226
2023-08-01,BRAND_E57A_COUNTRY_9891,1.024884600489521
2023-08-01,BRAND_056A_COUNTRY_D8B0,3.6965113743353064
2023-08-01,BRAND_C352_COUNTRY_1007,1.5604654891200298
2023-08-01,BRAND_9259_COUNTRY_E319,0.883359963415514
2023-08-01,BRAND_740F_COUNTRY_06E4,0.9159543219623003
2023-08-01,BRAND_1E6F_COUNTRY_4647,1.3468586464229044
2023-08-01,BRAND_AA1F_COUNTRY_06E4,1.100823223057263
2023-08-01,BRAND_9259_COUNTRY_4242,1.00977134795622
2023-08-01,BRAND_014B_COUNTRY_06E4,0.9272250283115677
2023-08-01,BRAND_E57A_COUNTRY_06E4,0.9648632592474902
2023-08-01,BRAND_CFD9_COUNTRY_AE54,2.8138529958837886
2023-08-01,BRAND_056A_COUNTRY_6B71,1.0681955913799608
2023-08-01,BRAND_9259_COUNTRY_06E4,1.0126126620182894
2023-08-01,BRAND_E57A_COUNTRY_6F78,0.7816079428828685
2023-08-01,BRAND_740F_COUNTRY_0309,1.181388772759504
2023-08-01,BRAND_9259_COUNTRY_3536,1.072133503815774
2023-08-01,BRAND_E57A_COUNTRY_0309,1.4534504517967726
2023-08-01,BRAND_F649_COUNTRY_907E,1.6854812494920945
2023-08-01,BRAND_9259_COUNTRY_6B71,1.0499987478920951
2023-08-01,BRAND_F649_COUNTRY_D5B9,0.9568784231702107
2023-08-01,BRAND_C352_COUNTRY_0C7D,0.9264817896952098
2023-08-01,BRAND_9259_COUNTRY_A67D,0.8636852064380656
2023-08-01,BRAND_3938_COUNTRY_907E,1.9747981413148472
2023-08-01,BRAND_014B_COUNTRY_0309,1.7365807139852265
2023-08-01,BRAND_056A_COUNTRY_0309,2.153062793556996
2023-08-01,BRAND_FB69_COUNTRY_4D48,1.1561429584083143
2023-08-01,BRAND_056A_COUNTRY_1007,1.9324880894623107
2023-08-01,BRAND_9C65_COUNTRY_3536,1.323862200587941
2023-08-01,BRAND_FB57_COUNTRY_907E,1.2207785525403032
2023-08-01,BRAND_056A_COUNTRY_3536,1.0688354759486094
2023-08-01,BRAND_4F19_COUNTRY_5FEB,1.1249848290157196
2023-08-01,BRAND_76D6_COUNTRY_AE54,3.2750474100325415
2023-08-01,BRAND_C352_COUNTRY_6B71,0.9806035527595224
2023-08-01,BRAND_740F_COUNTRY_5180,1.011653269646941
2023-08-01,BRAND_740F_COUNTRY_53A5,1.7108891352539044
2023-08-01,BRAND_F649_COUNTRY_5180,1.0586338968804994
2023-08-01,BRAND_D786_COUNTRY_53A5,2.669249942707187
2023-08-01,BRAND_740F_COUNTRY_6F78,0.8874085403938722
2023-08-01,BRAND_D786_COUNTRY_D8B0,1.2670990580638721
2023-08-01,BRAND_056A_COUNTRY_EF33,1.0466978354702001
2023-08-01,BRAND_E57A_COUNTRY_5180,1.0098103669847607
2023-08-01,BRAND_1E6F_COUNTRY_AE54,2.4692219502891337
2023-08-01,BRAND_E57A_COUNTRY_3AD0,1.0113030681837614
2023-08-01,BRAND_056A_COUNTRY_4442,1.3506274161609566
2023-08-01,BRAND_056A_COUNTRY_5180,1.0816026391192035
2023-08-01,BRAND_E57A_COUNTRY_53A5,2.0257302212087738
2023-08-01,BRAND_056A_COUNTRY_9891,1.2131381845934928
2023-08-01,BRAND_9259_COUNTRY_5180,1.0768874789787437
2023-08-01,BRAND_4888_COUNTRY_AE54,3.1564624323850703
2023-08-01,BRAND_4710_COUNTRY_5FEB,1.4373900508351036
2023-08-01,BRAND_60F2_COUNTRY_C89B,1.583688829407528
2023-08-01,BRAND_C352_COUNTRY_5A54,1.008700614327346
2023-08-01,BRAND_056A_COUNTRY_5A54,1.0540667602149985
2023-08-01,BRAND_12B2_COUNTRY_AE54,3.7996182667481215
2023-08-01,BRAND_E57A_COUNTRY_8B47,0.920841126730867
2023-08-01,BRAND_F649_COUNTRY_2E65,1.1793787216437115
2023-08-01,BRAND_C352_COUNTRY_8B47,0.9769947990518183
2023-08-01,BRAND_3CEB_COUNTRY_7D31,1.6335926834800505
2023-08-01,BRAND_C94B_COUNTRY_5A54,1.2136603096925946
2023-08-01,BRAND_E9AB_COUNTRY_5A54,1.0657870441262989
2023-08-01,BRAND_ED43_COUNTRY_7D31,1.3364361574721184
2023-08-01,BRAND_A5D5_COUNTRY_7D31,1.1190938731713356
2023-08-01,BRAND_F649_COUNTRY_5A54,1.0439577823959347
2023-08-01,BRAND_056A_COUNTRY_06E4,1.063565580195731
2023-08-01,BRAND_D786_COUNTRY_5A54,1.0423606027744414
2023-08-01,BRAND_9259_COUNTRY_FA79,1.0363476073319575
2023-08-01,BRAND_F649_COUNTRY_FA79,1.0382125390632506
2023-08-01,BRAND_89E4_COUNTRY_7D31,0.9895662969330238
2023-08-01,BRAND_740F_COUNTRY_8B47,1.0084373817421393
2023-08-01,BRAND_056A_COUNTRY_3AD0,1.203260209949195
2023-08-01,BRAND_106A_COUNTRY_E319,1.1407082463707623
2023-08-01,BRAND_C352_COUNTRY_F78A,1.070296495904061
2023-08-01,BRAND_014B_COUNTRY_6C16,1.1092796751382137
2023-08-01,BRAND_FEAE_COUNTRY_77DA,0.9550393118788406
2023-08-01,BRAND_C352_COUNTRY_9488,1.00914074689312
2023-08-01,BRAND_E57A_COUNTRY_9488,1.015377078525961
2023-08-01,BRAND_740F_COUNTRY_3AD0,1.0747636582781792
2023-08-01,BRAND_248D_COUNTRY_C89B,1.0362940491304458
2023-08-01,BRAND_D786_COUNTRY_1033,1.0511581379578665
2023-08-01,BRAND_C352_COUNTRY_445D,2.0693498269739274
2023-08-01,BRAND_056A_COUNTRY_53A5,2.6982394210290934
2023-08-01,BRAND_29F9_COUNTRY_5FEB,1.1696449635249189
2023-08-01,BRAND_C3A1_COUNTRY_5180,0.9185352337434731
2023-08-01,BRAND_F649_COUNTRY_EA71,1.1920629637145121
2023-08-01,BRAND_ACB5_COUNTRY_9488,0.9440164709303773
2023-08-01,BRAND_056A_COUNTRY_445D,1.9753654481656864
2023-08-01,BRAND_7BEC_COUNTRY_4253,2.7563904234626517
2023-08-01,BRAND_C352_COUNTRY_88A3,1.4560224871659255
2023-08-01,BRAND_89E4_COUNTRY_3F0E,0.9823396446385066
2023-08-01,BRAND_E9AB_COUNTRY_C89B,0.9034118869250709
2023-08-01,BRAND_740F_COUNTRY_9488,1.0134899298456723
2023-08-01,BRAND_9259_COUNTRY_6C16,0.9656967050456057
2023-08-01,BRAND_9259_COUNTRY_89F9,1.5567602715511255
2023-08-01,BRAND_F649_COUNTRY_221C,1.0321802786887868
2023-08-01,BRAND_A5D5_COUNTRY_5FEB,1.515994015389697
2023-08-01,BRAND_E57A_COUNTRY_88A3,1.673554767900937
2023-08-01,BRAND_A5D5_COUNTRY_C89B,0.9871216438775813
2023-08-01,BRAND_7065_COUNTRY_9488,1.3662779400800322
2023-08-01,BRAND_BDB6_COUNTRY_5FEB,1.4760998947038122
2023-08-01,BRAND_B79F_COUNTRY_B6AE,0.9580899843028199
2023-08-01,BRAND_D13E_COUNTRY_9891,0.9012656270110562
2023-08-01,BRAND_740F_COUNTRY_4D48,1.1395709285950526
2023-08-01,BRAND_BBE0_COUNTRY_C89B,1.0574513100809357
2023-08-01,BRAND_9259_COUNTRY_88A3,1.6270756042519847
2023-08-01,BRAND_D72F_COUNTRY_C89B,0.9930769388623801
2023-08-01,BRAND_267B_COUNTRY_9488,1.1148746481995782
2023-08-01,BRAND_740F_COUNTRY_6C16,0.92891119089309
2023-08-01,BRAND_9DA9_COUNTRY_3F0E,0.913136371514426
2023-08-01,BRAND_BC1F_COUNTRY_C89B,1.0282064952529757
2023-08-01,BRAND_740F_COUNTRY_88A3,1.6406854879185766
2023-08-01,BRAND_C352_COUNTRY_4D48,1.3031684844773663
2023-08-01,BRAND_F649_COUNTRY_1033,1.252058007629738
2023-08-01,BRAND_056A_COUNTRY_458E,0.9657245691854263
2023-08-01,BRAND_D72F_COUNTRY_1033,0.9575357173801214
2023-08-01,BRAND_E57A_COUNTRY_EA71,0.9959655668594808
2023-08-01,BRAND_E57A_COUNTRY_D5B9,1.1005833836626573
2023-08-01,BRAND_056A_COUNTRY_89F9,2.0180116756699453
2023-08-01,BRAND_6646_COUNTRY_5FEB,1.5529809667383179
2023-08-01,BRAND_7BEC_COUNTRY_445D,2.8560146223006546
2023-08-01,BRAND_E57A_COUNTRY_4D48,1.182585868127594
2023-08-01,BRAND_267B_COUNTRY_0C7D,0.9412261831780144
2023-08-01,BRAND_6200_COUNTRY_9488,1.2332929157339954
2023-08-01,BRAND_D786_COUNTRY_4D48,1.0757734220012567
2023-08-01,BRAND_9259_COUNTRY_EA71,0.96654342431921
2023-08-01,BRAND_E57A_COUNTRY_458E,1.1079294715676142
2023-08-01,BRAND_F649_COUNTRY_89F9,1.60869854179257
2023-08-01,BRAND_B94B_COUNTRY_5FEB,1.4971695324695156
2023-08-01,BRAND_F649_COUNTRY_4D48,1.3849666191579355
2023-08-01,BRAND_2D13_COUNTRY_0C7D,0.9722680535401678
2023-08-01,BRAND_E57A_COUNTRY_0C7D,0.9761282479860864
2023-08-01,BRAND_A12A_COUNTRY_C51E,0.9093957755280984
2023-08-01,BRAND_9E22_COUNTRY_5180,1.0332101600598473
2023-08-01,BRAND_056A_COUNTRY_C8F4,1.041326472834664
2023-08-01,BRAND_5E80_COUNTRY_4D48,2.56304029923711
2023-08-01,BRAND_D786_COUNTRY_4253,1.3877122108982867
2023-08-01,BRAND_C352_COUNTRY_C8F4,0.9614600907257721
2023-08-01,BRAND_8779_COUNTRY_84C8,0.9126441091053504
2023-08-01,BRAND_056A_COUNTRY_6C16,1.0456487970793036
2023-08-01,BRAND_D786_COUNTRY_3AD0,1.2259164572458345
2023-08-01,BRAND_9259_COUNTRY_0C7D,0.9683645451301461
2023-08-01,BRAND_248D_COUNTRY_EA71,1.0586695504004202
2023-08-01,BRAND_F649_COUNTRY_C8F4,0.973596540820361
2023-08-01,BRAND_056A_COUNTRY_A67D,1.083071168861867
2023-08-01,BRAND_E57A_COUNTRY_6C16,0.9865789594918208
2023-08-01,BRAND_F649_COUNTRY_A67D,1.0503291253300298
2023-08-01,BRAND_E9AB_COUNTRY_8DBB,1.0331936783100297
2023-08-01,BRAND_599D_COUNTRY_C51E,0.9042218104059633
2023-09-01,BRAND_7BEC_COUNTRY_4253,3.478554546027983
2023-09-01,BRAND_056A_COUNTRY_6B71,1.1079375400780325
2023-09-01,BRAND_7065_COUNTRY_9488,1.3824918815144174
2023-09-01,BRAND_A5D5_COUNTRY_5FEB,1.5594086078435323
2023-09-01,BRAND_C352_COUNTRY_6B71,0.984277963287705
2023-09-01,BRAND_9259_COUNTRY_5180,1.0826799568519294
2023-09-01,BRAND_056A_COUNTRY_89F9,2.075520438997759
2023-09-01,BRAND_FB69_COUNTRY_4D48,1.1962128128733538
2023-09-01,BRAND_056A_COUNTRY_6C16,1.0483704381248733
2023-09-01,BRAND_E57A_COUNTRY_6C16,0.9937556756932692
2023-09-01,BRAND_C352_COUNTRY_0C7D,0.9729602142308967
2023-09-01,BRAND_4888_COUNTRY_AE54,2.116686922757984
2023-09-01,BRAND_ACB5_COUNTRY_9488,0.9476112342959824
2023-09-01,BRAND_3938_COUNTRY_907E,1.9515691604087768
2023-09-01,BRAND_740F_COUNTRY_88A3,1.6400321700879978
2023-09-01,BRAND_056A_COUNTRY_5180,1.0749950229761593
2023-09-01,BRAND_FB57_COUNTRY_907E,1.2233310157596553
2023-09-01,BRAND_056A_COUNTRY_3536,1.068072960013701
2023-09-01,BRAND_A5D5_COUNTRY_7D31,1.1994117239166515
2023-09-01,BRAND_740F_COUNTRY_6F78,0.9011141949106194
2023-09-01,BRAND_056A_COUNTRY_458E,0.9720055699239115
2023-09-01,BRAND_E57A_COUNTRY_458E,1.1098493385156019
2023-09-01,BRAND_E57A_COUNTRY_6F78,0.7793829671077276
2023-09-01,BRAND_056A_COUNTRY_4242,0.9403280709851314
2023-09-01,BRAND_D786_COUNTRY_4253,1.3215609004058173
2023-09-01,BRAND_B1E8_COUNTRY_AE54,3.4978857057639217
2023-09-01,BRAND_D72F_COUNTRY_1033,0.9750124207523544
2023-09-01,BRAND_D786_COUNTRY_D8B0,1.5422907580721243
2023-09-01,BRAND_F649_COUNTRY_221C,1.0519943303942052
2023-09-01,BRAND_599D_COUNTRY_C51E,0.9111961822502703
2023-09-01,BRAND_A12A_COUNTRY_C51E,0.922659347015952
2023-09-01,BRAND_056A_COUNTRY_D8B0,4.000201332414295
2023-09-01,BRAND_E57A_COUNTRY_9891,1.0787921025848826
2023-09-01,BRAND_E57A_COUNTRY_5180,1.0108134672539086
2023-09-01,BRAND_9259_COUNTRY_6B71,1.0527249598427828
2023-09-01,BRAND_056A_COUNTRY_0309,2.3023832897886063
2023-09-01,BRAND_76D6_COUNTRY_AE54,3.2649488579088453
2023-09-01,BRAND_F649_COUNTRY_89F9,1.7855814784569672
2023-09-01,BRAND_9259_COUNTRY_4242,1.0210485516029781
2023-09-01,BRAND_E57A_COUNTRY_0C7D,0.9762928044639944
2023-09-01,BRAND_9259_COUNTRY_1007,1.3648600624922012
2023-09-01,BRAND_E57A_COUNTRY_3AD0,1.0133398737009303
2023-09-01,BRAND_056A_COUNTRY_1007,1.9305798045078033
2023-09-01,BRAND_2D13_COUNTRY_0C7D,0.9735567384377259
2023-09-01,BRAND_E57A_COUNTRY_4D48,1.1819908689200718
2023-09-01,BRAND_89E4_COUNTRY_3F0E,0.9897081627869597
2023-09-01,BRAND_B94B_COUNTRY_5FEB,1.532053333618273
2023-09-01,BRAND_89E4_COUNTRY_7D31,0.9990288554628849
2023-09-01,BRAND_267B_COUNTRY_0C7D,0.9519076183308819
2023-09-01,BRAND_DB5A_COUNTRY_1007,1.697255085344692
2023-09-01,BRAND_C352_COUNTRY_4D48,1.285817226348132
2023-09-01,BRAND_D786_COUNTRY_3AD0,1.2083135175679012
2023-09-01,BRAND_BDB6_COUNTRY_5FEB,1.5010915159476694
2023-09-01,BRAND_3CEB_COUNTRY_7D31,1.6761814812502114
2023-09-01,BRAND_E57A_COUNTRY_53A5,2.0176335973180106
2023-09-01,BRAND_5E80_COUNTRY_4D48,2.725908841142864
2023-09-01,BRAND_740F_COUNTRY_0309,1.1910880744738526
2023-09-01,BRAND_9259_COUNTRY_6C16,0.9737495341506202
2023-09-01,BRAND_8779_COUNTRY_84C8,0.9138979967516883
2023-09-01,BRAND_9259_COUNTRY_3536,1.0831483050835726
2023-09-01,BRAND_4F19_COUNTRY_5FEB,0.9278482766071012
2023-09-01,BRAND_056A_COUNTRY_53A5,2.6942413612868195
2023-09-01,BRAND_29F9_COUNTRY_5FEB,1.1696564323676297
2023-09-01,BRAND_E57A_COUNTRY_0309,1.499021429396913
2023-09-01,BRAND_056A_COUNTRY_C8F4,1.0501783013981163
2023-09-01,BRAND_C352_COUNTRY_C8F4,0.9616538059640692
2023-09-01,BRAND_056A_COUNTRY_9891,1.2010909510785615
2023-09-01,BRAND_014B_COUNTRY_0309,1.8615089310898485
2023-09-01,BRAND_9259_COUNTRY_89F9,1.5694046621885007
2023-09-01,BRAND_F649_COUNTRY_C8F4,1.0365666641999427
2023-09-01,BRAND_740F_COUNTRY_3AD0,1.020522301639484
2023-09-01,BRAND_740F_COUNTRY_53A5,1.735762166209569
2023-09-01,BRAND_4710_COUNTRY_5FEB,1.2947446751069425
2023-09-01,BRAND_9DA9_COUNTRY_3F0E,0.906528354111018
2023-09-01,BRAND_E9AB_COUNTRY_8DBB,1.018893022858329
2023-09-01,BRAND_C352_COUNTRY_F78A,1.100387288986755
2023-09-01,BRAND_C352_COUNTRY_1007,1.6286449592439018
2023-09-01,BRAND_6646_COUNTRY_5FEB,1.56347661611274
2023-09-01,BRAND_056A_COUNTRY_3AD0,1.2069791699566703
2023-09-01,BRAND_740F_COUNTRY_4D48,1.1588152508132528
2023-09-01,BRAND_B79F_COUNTRY_B6AE,0.9871112204009956
2023-09-01,BRAND_F649_COUNTRY_4D48,1.3857745948307576
2023-09-01,BRAND_D786_COUNTRY_4D48,1.1369903270206263
2023-09-01,BRAND_D786_COUNTRY_53A5,2.7055714239816355
2023-09-01,BRAND_740F_COUNTRY_6C16,0.9276770601846096
2023-09-01,BRAND_9C65_COUNTRY_3536,1.3332769753542661
2023-09-01,BRAND_7250_COUNTRY_D8B0,4.531842236572418
2023-09-01,BRAND_1E6F_COUNTRY_AE54,3.3854685865236442
2023-09-01,BRAND_D786_COUNTRY_5A54,1.0306156564095184
2023-09-01,BRAND_BBE0_COUNTRY_C89B,1.0583666007242865
2023-09-01,BRAND_F649_COUNTRY_A67D,1.1017158748548248
2023-09-01,BRAND_056A_COUNTRY_A67D,1.0869174469003042
2023-09-01,BRAND_C352_COUNTRY_5A54,1.0286446486314726
2023-09-01,BRAND_A5D5_COUNTRY_C89B,0.997188399288372
2023-09-01,BRAND_72DA_COUNTRY_B6AE,0.9000407410399895
2023-09-01,BRAND_DB5A_COUNTRY_3AD0,1.5421854546111378
2023-09-01,BRAND_9E22_COUNTRY_5180,1.0320336189154848
2023-09-01,BRAND_056A_COUNTRY_445D,1.9545511216828362
2023-09-01,BRAND_9259_COUNTRY_EA71,0.9823892070009318
2023-09-01,BRAND_F649_COUNTRY_2E65,1.1565121278232111
2023-09-01,BRAND_C352_COUNTRY_8B47,0.9904994850984817
2023-09-01,BRAND_267B_COUNTRY_9488,1.1206329437469462
2023-09-01,BRAND_BC1F_COUNTRY_C89B,1.023934415761723
2023-09-01,BRAND_014B_COUNTRY_06E4,0.8605363861604387
2023-09-01,BRAND_E9AB_COUNTRY_5A54,1.0292130287909154
2023-09-01,BRAND_D72F_COUNTRY_C89B,0.9956527686538669
2023-09-01,BRAND_248D_COUNTRY_C89B,1.0417989955448175
2023-09-01,BRAND_D13E_COUNTRY_9891,0.904770061144779
2023-09-01,BRAND_ED43_COUNTRY_7D31,1.3306422062929713
2023-09-01,BRAND_C94B_COUNTRY_5A54,1.2024071083197339
2023-09-01,BRAND_056A_COUNTRY_5A54,1.0930413706595905
2023-09-01,BRAND_014B_COUNTRY_6C16,1.1110087540668179
2023-09-01,BRAND_056A_COUNTRY_06E4,1.1304038579306914
2023-09-01,BRAND_E57A_COUNTRY_9488,0.993813442436607
2023-09-01,BRAND_106A_COUNTRY_E319,1.1414852306756793
2023-09-01,BRAND_12B2_COUNTRY_AE54,3.695088157606649
2023-09-01,BRAND_C3A1_COUNTRY_5180,0.9134333080445699
2023-09-01,BRAND_C352_COUNTRY_9488,1.0094532652567847
2023-09-01,BRAND_9259_COUNTRY_FA79,1.0171558778983132
2023-09-01,BRAND_C352_COUNTRY_445D,2.1960758476842988
2023-09-01,BRAND_60F2_COUNTRY_C89B,1.5843653240584235
2023-09-01,BRAND_056A_COUNTRY_4442,1.3454630799504375
2023-09-01,BRAND_F649_COUNTRY_EA71,1.0771403012730016
2023-09-01,BRAND_248D_COUNTRY_EA71,1.0554242375942142
2023-09-01,BRAND_E57A_COUNTRY_EA71,0.9946711121042018
2023-09-01,BRAND_6200_COUNTRY_9488,1.248333757597798
2023-09-01,BRAND_E57A_COUNTRY_8B47,0.943886933229089
2023-09-01,BRAND_056A_COUNTRY_EA71,0.9571106015156362
2023-09-01,BRAND_740F_COUNTRY_8B47,0.97795995849599
2023-09-01,BRAND_9259_COUNTRY_0C7D,0.9491865622991977
2023-09-01,BRAND_D786_COUNTRY_9891,1.0015097227959922
2023-09-01,BRAND_9259_COUNTRY_E319,0.9460707382665206
2023-09-01,BRAND_9259_COUNTRY_907E,1.468035362472063
2023-09-01,BRAND_E57A_COUNTRY_88A3,1.6756741034767832
2023-09-01,BRAND_CFD9_COUNTRY_AE54,1.771381042948684
2023-09-01,BRAND_F649_COUNTRY_1033,1.2579207484491104
2023-09-01,BRAND_D786_COUNTRY_1033,1.076720189395055
2023-09-01,BRAND_740F_COUNTRY_9891,0.9144533889503922
2023-09-01,BRAND_C352_COUNTRY_88A3,1.4441243326417696
2023-09-01,BRAND_F649_COUNTRY_5A54,0.9968335063678306
2023-09-01,BRAND_9259_COUNTRY_88A3,1.6301961010239563
2023-09-01,BRAND_D72F_COUNTRY_3536,1.03470030752441
2023-09-01,BRAND_F649_COUNTRY_5180,1.0452164989538009
2023-09-01,BRAND_F649_COUNTRY_907E,1.734752430402691
2023-09-01,BRAND_C352_COUNTRY_907E,1.6209349533268045
2023-09-01,BRAND_056A_COUNTRY_EF33,1.0460110714085482
2023-09-01,BRAND_F649_COUNTRY_FA79,1.0422567323987935
2023-09-01,BRAND_9259_COUNTRY_A67D,0.8782833586343267
2023-09-01,BRAND_3938_COUNTRY_5A54,1.0163065394194768
2023-09-01,BRAND_7BEC_COUNTRY_445D,2.8003674209217566
2023-09-01,BRAND_E9AB_COUNTRY_C89B,0.9212685440435064
2023-09-01,BRAND_FEAE_COUNTRY_77DA,0.9616707522379538
2023-09-01,BRAND_1E6F_COUNTRY_4647,1.3466154299404804
2023-09-01,BRAND_740F_COUNTRY_5180,1.010708505777929
2023-09-01,BRAND_E57A_COUNTRY_06E4,0.9721144180526677
2023-09-01,BRAND_E57A_COUNTRY_D5B9,1.1726629131796436
2023-09-01,BRAND_AA1F_COUNTRY_06E4,1.1410842676099735
2023-09-01,BRAND_740F_COUNTRY_06E4,0.9204287406592636
2023-09-01,BRAND_740F_COUNTRY_9488,0.9916134713938811
2023-09-01,BRAND_9259_COUNTRY_06E4,1.0453646435749224
2023-09-01,BRAND_F649_COUNTRY_D5B9,1.0343856392698927
2023-10-01,BRAND_F649_COUNTRY_D5B9,1.0345380936430806
2023-10-01,BRAND_6646_COUNTRY_5FEB,1.5514396860573354
2023-10-01,BRAND_014B_COUNTRY_6C16,1.178777762816366
2023-10-01,BRAND_BC1F_COUNTRY_C89B,1.0177687454530004
2023-10-01,BRAND_7BEC_COUNTRY_445D,2.8289679939835892
2023-10-01,BRAND_056A_COUNTRY_4253,1.415903832486843
2023-10-01,BRAND_248D_COUNTRY_EA71,1.077910237107235
2023-10-01,BRAND_7250_COUNTRY_D8B0,4.863395024121027
2023-10-01,BRAND_9259_COUNTRY_06E4,1.0337355355043356
2023-10-01,BRAND_E57A_COUNTRY_88A3,1.6707022896793562
2023-10-01,BRAND_056A_COUNTRY_EF33,1.0448782599252033
2023-10-01,BRAND_C94B_COUNTRY_5A54,1.2307847837866257
2023-10-01,BRAND_F649_COUNTRY_907E,1.6747401267446824
2023-10-01,BRAND_DB5A_COUNTRY_3AD0,1.5845154427606423
2023-10-01,BRAND_9259_COUNTRY_907E,1.4966851816095252
2023-10-01,BRAND_E57A_COUNTRY_8B47,0.936068334831047
2023-10-01,BRAND_C352_COUNTRY_5A54,1.0413311475027196
2023-10-01,BRAND_B79F_COUNTRY_B6AE,0.9902097354779014
2023-10-01,BRAND_056A_COUNTRY_A67D,1.1032096231687851
2023-10-01,BRAND_C352_COUNTRY_88A3,1.4462015381504618
2023-10-01,BRAND_C352_COUNTRY_1007,1.7783237029413759
2023-10-01,BRAND_E9AB_COUNTRY_C89B,0.9345400412327294
2023-10-01,BRAND_A5D5_COUNTRY_C89B,0.9952667675554371
2023-10-01,BRAND_9259_COUNTRY_89F9,1.5440798937519589
2023-10-01,BRAND_2D13_COUNTRY_0C7D,0.9758296653432506
2023-10-01,BRAND_BDB6_COUNTRY_5FEB,1.4969615943964307
2023-10-01,BRAND_740F_COUNTRY_0309,1.1927917423988328
2023-10-01,BRAND_267B_COUNTRY_9488,1.115312389950583
2023-10-01,BRAND_89E4_COUNTRY_7D31,1.0053750567446127
2023-10-01,BRAND_740F_COUNTRY_8B47,0.9334532357815021
2023-10-01,BRAND_9259_COUNTRY_0C7D,0.9599184584093524
2023-10-01,BRAND_12B2_COUNTRY_AE54,3.739158719264381
2023-10-01,BRAND_F649_COUNTRY_EA71,1.163086259342283
2023-10-01,BRAND_9259_COUNTRY_3536,1.081647813126251
2023-10-01,BRAND_E57A_COUNTRY_0309,1.5003117843068017
2023-10-01,BRAND_D786_COUNTRY_53A5,2.696411079826289
2023-10-01,BRAND_F649_COUNTRY_C8F4,1.0372483334167564
2023-10-01,BRAND_D786_COUNTRY_4D48,1.1692997244565124
2023-10-01,BRAND_056A_COUNTRY_C8F4,1.070675523347191
2023-10-01,BRAND_E57A_COUNTRY_0C7D,0.9846503635365458
2023-10-01,BRAND_A5D5_COUNTRY_7D31,1.2351466242378968
2023-10-01,BRAND_D786_COUNTRY_5A54,0.9938966635689962
2023-10-01,BRAND_E57A_COUNTRY_4D48,1.1828134836930009
2023-10-01,BRAND_4F19_COUNTRY_5FEB,0.9124625917942153
2023-10-01,BRAND_89E4_COUNTRY_3F0E,0.9929332434343437
2023-10-01,BRAND_D13E_COUNTRY_9891,0.9056134768372329
2023-10-01,BRAND_D72F_COUNTRY_C89B,0.9930409885696886
2023-10-01,BRAND_E57A_COUNTRY_1007,1.0016300743921673
2023-10-01,BRAND_CFD9_COUNTRY_AE54,2.720361037172067
2023-10-01,BRAND_C352_COUNTRY_907E,1.6567965160255387
2023-10-01,BRAND_740F_COUNTRY_06E4,0.9212206675930066
2023-10-01,BRAND_740F_COUNTRY_3AD0,1.008137518424788
2023-10-01,BRAND_F649_COUNTRY_1033,1.2374598799819714
2023-10-01,BRAND_F649_COUNTRY_A67D,1.1155889728958204
2023-10-01,BRAND_E9AB_COUNTRY_5A54,1.0643062106010956
2023-10-01,BRAND_72DA_COUNTRY_B6AE,0.8882342733406869
2023-10-01,BRAND_D786_COUNTRY_1033,1.0798701829122908
2023-10-01,BRAND_740F_COUNTRY_9891,0.9135411593286584
2023-10-01,BRAND_AA1F_COUNTRY_06E4,1.083282202624801
2023-10-01,BRAND_248D_COUNTRY_C89B,1.0457444383305565
2023-10-01,BRAND_3CEB_COUNTRY_7D31,1.4709426730608894
2023-10-01,BRAND_E57A_COUNTRY_D5B9,1.1062969416602177
2023-10-01,BRAND_740F_COUNTRY_5180,1.018460257348926
2023-10-01,BRAND_9259_COUNTRY_88A3,1.6377988872403706
2023-10-01,BRAND_D786_COUNTRY_9891,1.0284901147318963
2023-10-01,BRAND_D72F_COUNTRY_3536,1.0335209822250226
2023-10-01,BRAND_9259_COUNTRY_A67D,0.927437884830052
2023-10-01,BRAND_C352_COUNTRY_F78A,1.1013739551610784
2023-10-01,BRAND_E57A_COUNTRY_06E4,0.9596247908656459
2023-10-01,BRAND_056A_COUNTRY_06E4,1.1528138497658929
2023-10-01,BRAND_014B_COUNTRY_06E4,0.9366865051769829
2023-10-01,BRAND_056A_COUNTRY_53A5,2.726384566308836
2023-10-01,BRAND_1E6F_COUNTRY_AE54,3.440539952768947
2023-10-01,BRAND_056A_COUNTRY_5A54,1.100194672087063
2023-10-01,BRAND_9259_COUNTRY_E319,0.9480985917351891
2023-10-01,BRAND_9259_COUNTRY_1007,1.3639338508767924
2023-10-01,BRAND_F649_COUNTRY_5A54,1.0309092108829516
2023-10-01,BRAND_9E22_COUNTRY_5180,1.0342079816075112
2023-10-01,BRAND_BBE0_COUNTRY_C89B,1.0601748601859544
2023-10-01,BRAND_ED43_COUNTRY_7D31,1.2450912638547655
2023-10-01,BRAND_3938_COUNTRY_5A54,1.018300049916919
2023-10-01,BRAND_4710_COUNTRY_5FEB,1.3192713755734489
2023-10-01,BRAND_8779_COUNTRY_84C8,0.9142718186364065
2023-10-01,BRAND_056A_COUNTRY_3AD0,1.2094425409196348
2023-10-01,BRAND_4888_COUNTRY_AE54,3.0415283720794704
2023-10-01,BRAND_FB57_COUNTRY_907E,1.230770600849356
2023-10-01,BRAND_740F_COUNTRY_88A3,1.6536268743698368
2023-10-01,BRAND_E57A_COUNTRY_9488,1.010127699045926
2023-10-01,BRAND_C3A1_COUNTRY_5180,0.9066771464104331
2023-10-01,BRAND_9DA9_COUNTRY_3F0E,0.9247396765651893
2023-10-01,BRAND_E57A_COUNTRY_53A5,2.0336116331399823
2023-10-01,BRAND_E57A_COUNTRY_6C16,1.047222062340925
2023-10-01,BRAND_C352_COUNTRY_445D,2.2051980385921177
2023-10-01,BRAND_F649_COUNTRY_FA79,1.0457587635626906
2023-10-01,BRAND_9259_COUNTRY_5180,1.0918100838508613
2023-10-01,BRAND_1E6F_COUNTRY_4647,1.3652448801079395
2023-10-01,BRAND_056A_COUNTRY_458E,0.9638076452793738
2023-10-01,BRAND_F649_COUNTRY_4D48,1.3893315640545296
2023-10-01,BRAND_740F_COUNTRY_6F78,0.9118119158694734
2023-10-01,BRAND_D786_COUNTRY_4253,1.3741511167705218
2023-10-01,BRAND_B1E8_COUNTRY_AE54,3.7168851804585956
2023-10-01,BRAND_D72F_COUNTRY_1033,0.9985773332453702
2023-10-01,BRAND_740F_COUNTRY_9488,1.0079277280032
2023-10-01,BRAND_056A_COUNTRY_4242,0.9306290079573363
2023-10-01,BRAND_740F_COUNTRY_6C16,0.9287783731052065
2023-10-01,BRAND_F649_COUNTRY_89F9,1.7818197712863661
2023-10-01,BRAND_056A_COUNTRY_6C16,1.0459543854414062
2023-10-01,BRAND_106A_COUNTRY_E319,1.1169932536215028
2023-10-01,BRAND_E57A_COUNTRY_5180,1.0185652188249057
2023-10-01,BRAND_C352_COUNTRY_9488,1.0178601362250312
2023-10-01,BRAND_B94B_COUNTRY_5FEB,1.5444761539330427
2023-10-01,BRAND_056A_COUNTRY_89F9,2.113664260944948
2023-10-01,BRAND_6200_COUNTRY_9488,1.2656517743517335
2023-10-01,BRAND_E57A_COUNTRY_458E,1.1206839254632666
2023-10-01,BRAND_E57A_COUNTRY_6F78,0.7682252739777495
2023-10-01,BRAND_056A_COUNTRY_4442,1.3527049746807573
2023-10-01,BRAND_9259_COUNTRY_6C16,0.9561771871056876
2023-10-01,BRAND_E57A_COUNTRY_3AD0,1.009896295082771
2023-10-01,BRAND_9259_COUNTRY_4242,1.0050183769548486
2023-10-01,BRAND_3938_COUNTRY_907E,1.950697962539052
2023-10-01,BRAND_60F2_COUNTRY_C89B,1.5640904236733104
2023-10-01,BRAND_C352_COUNTRY_4D48,1.3112174512635129
2023-10-01,BRAND_267B_COUNTRY_0C7D,0.9439567475636946
2023-10-01,BRAND_056A_COUNTRY_9891,1.2064388062875073
2023-10-01,BRAND_A12A_COUNTRY_C51E,0.9229472375233959
2023-10-01,BRAND_FB69_COUNTRY_4D48,1.190307954901635
2023-10-01,BRAND_E57A_COUNTRY_9891,1.1158518586057602
2023-10-01,BRAND_599D_COUNTRY_C51E,0.8780783060293618
2023-10-01,BRAND_056A_COUNTRY_D8B0,3.982399201800633
2023-10-01,BRAND_DB5A_COUNTRY_1007,1.7967202753511275
2023-10-01,BRAND_76D6_COUNTRY_AE54,3.2883126279325077
2023-10-01,BRAND_5E80_COUNTRY_4D48,2.606525169822521
2023-10-01,BRAND_056A_COUNTRY_0309,2.3827156162322254
2023-10-01,BRAND_D786_COUNTRY_0309,1.3784218237403758
2023-10-01,BRAND_056A_COUNTRY_1007,2.105996878303169
2023-10-01,BRAND_9259_COUNTRY_EA71,0.9575241397349286
2023-10-01,BRAND_F649_COUNTRY_2E65,1.1698306004783694
2023-10-01,BRAND_C352_COUNTRY_8B47,1.203859531249739
2023-10-01,BRAND_E57A_COUNTRY_EA71,0.9882910186234309
2023-10-01,BRAND_056A_COUNTRY_EA71,0.9922087797472884
2023-10-01,BRAND_F649_COUNTRY_5180,1.062328929917911
2023-10-01,BRAND_F649_COUNTRY_221C,1.1162631157994027
2023-10-01,BRAND_7065_COUNTRY_9488,1.3765552983103329
2023-10-01,BRAND_7BEC_COUNTRY_4253,3.4096185163723542
2023-10-01,BRAND_B8DE_COUNTRY_D8B0,1.126899583070171
2023-10-01,BRAND_D786_COUNTRY_3AD0,1.3325117836373852
2023-10-01,BRAND_9259_COUNTRY_6B71,1.0570036399179807
2023-10-01,BRAND_056A_COUNTRY_445D,1.9852900096641262
2023-10-01,BRAND_056A_COUNTRY_5180,1.105294962397567
2023-10-01,BRAND_9C65_COUNTRY_3536,1.3134350846347618
2023-10-01,BRAND_A5D5_COUNTRY_5FEB,1.585951128641024
2023-10-01,BRAND_C352_COUNTRY_6B71,0.9597529769212432
2023-10-01,BRAND_014B_COUNTRY_0309,1.7866143006483006
2023-10-01,BRAND_B8DE_COUNTRY_9891,0.9669506750234714
2023-10-01,BRAND_9259_COUNTRY_FA79,1.015454882289705
2023-10-01,BRAND_056A_COUNTRY_3536,1.0709894655637253
2023-10-01,BRAND_29F9_COUNTRY_5FEB,1.1829963280298117
2023-10-01,BRAND_FEAE_COUNTRY_77DA,0.9749992784204754
2023-10-01,BRAND_ACB5_COUNTRY_9488,0.9498841612015065
2023-10-01,BRAND_D786_COUNTRY_D8B0,1.6119993280380596
2023-10-01,BRAND_740F_COUNTRY_53A5,1.8313488716246726
2023-10-01,BRAND_C352_COUNTRY_0C7D,0.9708838823555476
2023-10-01,BRAND_C352_COUNTRY_C8F4,0.9404032602754632
2023-10-01,BRAND_740F_COUNTRY_4D48,1.1610797999086917
2023-10-01,BRAND_C94B_COUNTRY_6C16,0.9234564996561492
2023-10-01,BRAND_E9AB_COUNTRY_8DBB,1.029471386242761
2023-10-01,BRAND_056A_COUNTRY_6B71,1.1031565508749515
2023-11-01,BRAND_1E6F_COUNTRY_4647,1.375777255327425
2023-11-01,BRAND_C352_COUNTRY_4D48,1.3624287505567976
2023-11-01,BRAND_9259_COUNTRY_5180,1.1081761297515456
2023-11-01,BRAND_9259_COUNTRY_06E4,1.0386713878056044
2023-11-01,BRAND_740F_COUNTRY_6C16,0.9400831417553144
2023-11-01,BRAND_740F_COUNTRY_3AD0,1.0052729960315046
2023-11-01,BRAND_3938_COUNTRY_907E,1.9358591957811166
2023-11-01,BRAND_056A_COUNTRY_3AD0,1.211994676369159
2023-11-01,BRAND_F649_COUNTRY_1033,1.234787513422303
2023-11-01,BRAND_B1E8_COUNTRY_AE54,3.7623652775715133
2023-11-01,BRAND_4888_COUNTRY_AE54,3.0985408745913348
2023-11-01,BRAND_F649_COUNTRY_FA79,1.0475347335183358
2023-11-01,BRAND_056A_COUNTRY_4242,0.9363945659383198
2023-11-01,BRAND_AA1F_COUNTRY_06E4,1.0976540859618453
2023-11-01,BRAND_C3A1_COUNTRY_5180,0.9210486313636294
2023-11-01,BRAND_6646_COUNTRY_5FEB,1.5658168190106159
2023-11-01,BRAND_F649_COUNTRY_D5B9,1.048927593384728
2023-11-01,BRAND_9DA9_COUNTRY_3F0E,0.9019360993940951
2023-11-01,BRAND_F649_COUNTRY_907E,1.7484611741276281
2023-11-01,BRAND_9259_COUNTRY_FA79,1.0172918990962874
2023-11-01,BRAND_056A_COUNTRY_3536,1.1254981472425134
2023-11-01,BRAND_29F9_COUNTRY_5FEB,1.184991538241453
2023-11-01,BRAND_056A_COUNTRY_907E,1.8538452265691083
2023-11-01,BRAND_F649_COUNTRY_4D48,1.452773747510177
2023-11-01,BRAND_740F_COUNTRY_6F78,0.9072293874584347
2023-11-01,BRAND_D72F_COUNTRY_3536,1.0438597760365116
2023-11-01,BRAND_B8DE_COUNTRY_9891,0.9905573142726559
2023-11-01,BRAND_9259_COUNTRY_9488,0.9593886320872632
2023-11-01,BRAND_E57A_COUNTRY_5180,1.0218454943534423
2023-11-01,BRAND_056A_COUNTRY_458E,0.9568958264410042
2023-11-01,BRAND_E57A_COUNTRY_9488,1.0090752039914066
2023-11-01,BRAND_D786_COUNTRY_9891,1.010955409183515
2023-11-01,BRAND_D786_COUNTRY_4253,1.504974654978523
2023-11-01,BRAND_9259_COUNTRY_88A3,1.6436932639486437
2023-11-01,BRAND_F649_COUNTRY_89F9,1.7957284055953806
2023-11-01,BRAND_CFD9_COUNTRY_AE54,2.7894337577700665
2023-11-01,BRAND_E57A_COUNTRY_458E,1.1666842610324306
2023-11-01,BRAND_056A_COUNTRY_89F9,2.1109728130086767
2023-11-01,BRAND_056A_COUNTRY_5180,1.1040722665945433
2023-11-01,BRAND_2D13_COUNTRY_0C7D,0.9767110508193412
2023-11-01,BRAND_C352_COUNTRY_9488,1.1532155716248507
2023-11-01,BRAND_267B_COUNTRY_0C7D,0.9675255585208719
2023-11-01,BRAND_056A_COUNTRY_EF33,1.0562079556747566
2023-11-01,BRAND_E57A_COUNTRY_88A3,1.6742440506355394
2023-11-01,BRAND_056A_COUNTRY_4442,1.3549962070276567
2023-11-01,BRAND_9259_COUNTRY_1007,1.3730835903666274
2023-11-01,BRAND_E57A_COUNTRY_6F78,0.9300680958118035
2023-11-01,BRAND_9259_COUNTRY_E319,0.9545634381220456
2023-11-01,BRAND_106A_COUNTRY_E319,1.11292304440324
2023-11-01,BRAND_056A_COUNTRY_9488,1.0248468412883545
2023-11-01,BRAND_89E4_COUNTRY_3F0E,0.9785408980786154
2023-11-01,BRAND_E57A_COUNTRY_06E4,0.9579840519515443
2023-11-01,BRAND_E57A_COUNTRY_D5B9,1.1119852020649055
2023-11-01,BRAND_72DA_COUNTRY_B6AE,0.9117117375856979
2023-11-01,BRAND_740F_COUNTRY_9891,0.9205905614421225
2023-11-01,BRAND_740F_COUNTRY_5180,1.0230298340150101
2023-11-01,BRAND_F649_COUNTRY_9488,1.0027327789359375
2023-11-01,BRAND_6200_COUNTRY_9488,1.254691323078822
2023-11-01,BRAND_E57A_COUNTRY_53A5,2.1219411254231373
2023-11-01,BRAND_7250_COUNTRY_53A5,3.293508301537125
2023-11-01,BRAND_9259_COUNTRY_4242,1.014746729631913
2023-11-01,BRAND_056A_COUNTRY_9891,1.1933898748888971
2023-11-01,BRAND_014B_COUNTRY_06E4,0.9289046195558585
2023-11-01,BRAND_056A_COUNTRY_6F78,1.0213101377744016
2023-11-01,BRAND_740F_COUNTRY_06E4,0.9167887341668748
2023-11-01,BRAND_FB57_COUNTRY_907E,1.2236449062249515
2023-11-01,BRAND_740F_COUNTRY_9488,1.0068752329486805
2023-11-01,BRAND_740F_COUNTRY_88A3,1.650633856751239
2023-11-01,BRAND_FEAE_COUNTRY_77DA,1.038955714408279
2023-11-01,BRAND_056A_COUNTRY_445D,2.031787521963443
2023-11-01,BRAND_C352_COUNTRY_1007,1.8136748937432088
2023-11-01,BRAND_D72F_COUNTRY_1033,1.050012058344953
2023-11-01,BRAND_60F2_COUNTRY_C89B,1.5390901383561841
2023-11-01,BRAND_740F_COUNTRY_0309,1.1807282484157176
2023-11-01,BRAND_89E4_COUNTRY_7D31,1.0208292149976192
2023-11-01,BRAND_267B_COUNTRY_9488,1.118360133567263
2023-11-01,BRAND_C352_COUNTRY_907E,1.7161722317010415
2023-11-01,BRAND_740F_COUNTRY_FA79,0.9534975299481374
2023-11-01,BRAND_B94B_COUNTRY_5FEB,1.5512380850681238
2023-11-01,BRAND_056A_COUNTRY_06E4,1.1556007914939839
2023-11-01,BRAND_E57A_COUNTRY_3AD0,1.0292014173403214
2023-11-01,BRAND_9259_COUNTRY_89F9,1.5013884953477332
2023-11-01,BRAND_9259_COUNTRY_6C16,1.0309402947192228
2023-11-01,BRAND_056A_COUNTRY_8B47,0.9510133426861566
2023-11-01,BRAND_DB5A_COUNTRY_9488,1.444318086910398
2023-11-01,BRAND_E57A_COUNTRY_6C16,0.990979668825463
2023-11-01,BRAND_D786_COUNTRY_4D48,1.1858643411987013
2023-11-01,BRAND_D786_COUNTRY_0309,1.6802046572654779
2023-11-01,BRAND_BC1F_COUNTRY_C89B,1.0238505069464712
2023-11-01,BRAND_9259_COUNTRY_0C7D,0.9952744587298308
2023-11-01,BRAND_248D_COUNTRY_C89B,1.0495360904733622
2023-11-01,BRAND_D786_COUNTRY_3AD0,1.2478503401004033
2023-11-01,BRAND_E57A_COUNTRY_EA71,1.0278767117161804
2023-11-01,BRAND_8779_COUNTRY_84C8,0.9136530885554769
2023-11-01,BRAND_248D_COUNTRY_EA71,1.046368008420449
2023-11-01,BRAND_DB5A_COUNTRY_3AD0,1.589637525679935
2023-11-01,BRAND_C94B_COUNTRY_5A54,1.2130004782846406
2023-11-01,BRAND_C94B_COUNTRY_6C16,0.9141640959693549
2023-11-01,BRAND_B8DE_COUNTRY_D8B0,1.393305002513631
2023-11-01,BRAND_138D_COUNTRY_5FEB,1.3078637236360995
2023-11-01,BRAND_5E80_COUNTRY_4D48,2.603802465479644
2023-11-01,BRAND_E9AB_COUNTRY_5A54,1.0300658462323014
2023-11-01,BRAND_9259_COUNTRY_6B71,1.062898101909355
2023-11-01,BRAND_F649_COUNTRY_EA71,1.0765116283437441
2023-11-01,BRAND_F649_COUNTRY_221C,1.1492823818006208
2023-11-01,BRAND_E57A_COUNTRY_4D48,1.2044486953208076
2023-11-01,BRAND_9259_COUNTRY_3536,1.0884009437215356
2023-11-01,BRAND_056A_COUNTRY_EA71,1.0278377788058817
2023-11-01,BRAND_056A_COUNTRY_4253,1.4315271712491178
2023-11-01,BRAND_F649_COUNTRY_5180,1.080215474972835
2023-11-01,BRAND_D786_COUNTRY_5A54,1.039812922072781
2023-11-01,BRAND_F649_COUNTRY_2E65,1.1971042854663752
2023-11-01,BRAND_056A_COUNTRY_6C16,1.123802594491181
2023-11-01,BRAND_F649_COUNTRY_A67D,1.0910799745685085
2023-11-01,BRAND_7250_COUNTRY_D8B0,5.088118733381344
2023-11-01,BRAND_F649_COUNTRY_C8F4,1.0498232603538147
2023-11-01,BRAND_D786_COUNTRY_53A5,2.765961803569938
2023-11-01,BRAND_9259_COUNTRY_EA71,1.0051290724308364
2023-11-01,BRAND_7065_COUNTRY_9488,1.3723490383869577
2023-11-01,BRAND_1E6F_COUNTRY_AE54,3.780235690332408
2023-11-01,BRAND_3CEB_COUNTRY_7D31,1.4788637619238982
2023-11-01,BRAND_BDB6_COUNTRY_5FEB,1.546828877505096
2023-11-01,BRAND_056A_COUNTRY_1007,2.109015245645751
2023-11-01,BRAND_12B2_COUNTRY_AE54,3.7740042397629514
2023-11-01,BRAND_C352_COUNTRY_F78A,1.1335547347580026
2023-11-01,BRAND_B79F_COUNTRY_B6AE,0.991432266884942
2023-11-01,BRAND_C352_COUNTRY_5A54,0.9978414137871001
2023-11-01,BRAND_E57A_COUNTRY_0309,1.5288623285643954
2023-11-01,BRAND_C352_COUNTRY_8B47,1.1981101063603823
2023-11-01,BRAND_E57A_COUNTRY_8B47,0.9620076598519125
2023-11-01,BRAND_056A_COUNTRY_5A54,1.1044218414273541
2023-11-01,BRAND_C352_COUNTRY_88A3,1.4589557584212614
2023-11-01,BRAND_056A_COUNTRY_A67D,1.1195743231650317
2023-11-01,BRAND_9C65_COUNTRY_3536,1.3103862243156283
2023-11-01,BRAND_A5D5_COUNTRY_5FEB,1.6306267681011712
2023-11-01,BRAND_C352_COUNTRY_6B71,0.9601181925964998
2023-11-01,BRAND_014B_COUNTRY_6C16,1.239667977943595
2023-11-01,BRAND_056A_COUNTRY_53A5,2.7472417047446633
2023-11-01,BRAND_740F_COUNTRY_8B47,1.0629770797528009
2023-11-01,BRAND_E57A_COUNTRY_0C7D,0.983727245323283
2023-11-01,BRAND_056A_COUNTRY_C8F4,1.0592024012332462
2023-11-01,BRAND_056A_COUNTRY_6B71,1.1127615746912383
2023-11-01,BRAND_A5D5_COUNTRY_C89B,0.9924163199919861
2023-11-01,BRAND_C352_COUNTRY_445D,2.255122805577481
2023-11-01,BRAND_248D_COUNTRY_907E,1.1187883879056566
2023-11-01,BRAND_056A_COUNTRY_0309,2.3440466568389575
2023-11-01,BRAND_014B_COUNTRY_0309,1.8926646479887979
2023-11-01,BRAND_9259_COUNTRY_907E,1.4863393150179098
2023-11-01,BRAND_7BEC_COUNTRY_445D,2.776051274703639
2023-11-01,BRAND_740F_COUNTRY_53A5,1.8593937349648537
2023-11-01,BRAND_C352_COUNTRY_0C7D,0.9761805042844934
2023-11-01,BRAND_3938_COUNTRY_5A54,1.0434363744621573
2023-11-01,BRAND_E57A_COUNTRY_1007,1.017650135474916
2023-11-01,BRAND_E57A_COUNTRY_9891,1.0137842114421254
2023-11-01,BRAND_D13E_COUNTRY_9891,0.9067654923169186
2023-11-01,BRAND_599D_COUNTRY_C51E,0.8474371269387664
2023-11-01,BRAND_D72F_COUNTRY_C89B,1.0012835705669785
2023-11-01,BRAND_B8DE_COUNTRY_0309,0.6457501549663267
2023-11-01,BRAND_DB5A_COUNTRY_1007,1.8317512680916848
2023-11-01,BRAND_FB69_COUNTRY_4D48,1.2381742308552532
2023-11-01,BRAND_A12A_COUNTRY_C51E,0.9192776777639068
2023-11-01,BRAND_A5D5_COUNTRY_7D31,1.162016277082068
2023-11-01,BRAND_7BEC_COUNTRY_4253,3.5773751631531385
2023-11-01,BRAND_E9AB_COUNTRY_C89B,0.9507684221010687
2023-11-01,BRAND_D786_COUNTRY_1033,1.0832861844531547
2023-11-01,BRAND_ED43_COUNTRY_7D31,1.3114373270118171
2023-11-01,BRAND_4F19_COUNTRY_5FEB,1.1241030926613707
2023-11-01,BRAND_ACB5_COUNTRY_9488,0.9460707169819399
2023-11-01,BRAND_F649_COUNTRY_5A54,1.0341697603782045
2023-11-01,BRAND_E9AB_COUNTRY_8DBB,1.0235956468040224
2023-11-01,BRAND_9259_COUNTRY_A67D,0.9017132144001417
2023-11-01,BRAND_BBE0_COUNTRY_C89B,1.0546849550610513
2023-11-01,BRAND_056A_COUNTRY_D8B0,3.994106061517983
2023-11-01,BRAND_D786_COUNTRY_D8B0,1.7631631838966408
2023-11-01,BRAND_9E22_COUNTRY_5180,1.0414113522528716
2023-11-01,BRAND_76D6_COUNTRY_AE54,3.317062219957896
2023-11-01,BRAND_C352_COUNTRY_C8F4,0.945624906642001
2023-11-01,BRAND_740F_COUNTRY_4D48,1.1664260568080738
2023-11-01,BRAND_4710_COUNTRY_5FEB,1.4817250348324684
2023-12-01,BRAND_9C65_COUNTRY_3536,1.3125034744483801
2023-12-01,BRAND_C352_COUNTRY_6B71,0.971870556334409
2023-12-01,BRAND_E9AB_COUNTRY_C89B,0.982697991682128
2023-12-01,BRAND_7BEC_COUNTRY_4253,3.7099526106560514
2023-12-01,BRAND_A5D5_COUNTRY_5FEB,1.5851123027121847
2023-12-01,BRAND_056A_COUNTRY_EF33,1.0835018307734037
2023-12-01,BRAND_C94B_COUNTRY_6C16,1.0106083538716712
2023-12-01,BRAND_E57A_COUNTRY_6C16,1.0688632609250144
2023-12-01,BRAND_C3A1_COUNTRY_5180,0.9807096886016506
2023-12-01,BRAND_740F_COUNTRY_4D48,1.162259076729419
2023-12-01,BRAND_138D_COUNTRY_5FEB,1.2868719017985955
2023-12-01,BRAND_056A_COUNTRY_6B71,1.0765360137778317
2023-12-01,BRAND_C94B_COUNTRY_5A54,1.216341392861336
2023-12-01,BRAND_7065_COUNTRY_9488,1.41423176954407
2023-12-01,BRAND_C352_COUNTRY_0C7D,0.9580675850245748
2023-12-01,BRAND_E9AB_COUNTRY_5A54,1.0289934728078745
2023-12-01,BRAND_248D_COUNTRY_C89B,1.033854648165154
2023-12-01,BRAND_F649_COUNTRY_D5B9,1.0283366852001035
2023-12-01,BRAND_E9AB_COUNTRY_8DBB,1.0793439023200115
2023-12-01,BRAND_E57A_COUNTRY_06E4,0.9619669906816029
2023-12-01,BRAND_740F_COUNTRY_5180,1.03556754717596
2023-12-01,BRAND_056A_COUNTRY_3AD0,1.2407389551748798
2023-12-01,BRAND_1E6F_COUNTRY_4647,1.3677587796401403
2023-12-01,BRAND_F649_COUNTRY_FA79,1.0484266493177303
2023-12-01,BRAND_740F_COUNTRY_6C16,0.9709137601391411
2023-12-01,BRAND_4888_COUNTRY_AE54,3.423335097168518
2023-12-01,BRAND_056A_COUNTRY_53A5,2.7557306970817934
2023-12-01,BRAND_740F_COUNTRY_9488,0.9876818283447593
2023-12-01,BRAND_9DA9_COUNTRY_3F0E,0.9251215985518719
2023-12-01,BRAND_B8DE_COUNTRY_9891,0.9743904380783831
2023-12-01,BRAND_056A_COUNTRY_06E4,1.102801720364938
2023-12-01,BRAND_E57A_COUNTRY_D5B9,1.1115975114844985
2023-12-01,BRAND_9259_COUNTRY_FA79,0.9915275200931943
2023-12-01,BRAND_29F9_COUNTRY_5FEB,1.130475458850455
2023-12-01,BRAND_AA1F_COUNTRY_06E4,1.1276536510458155
2023-12-01,BRAND_C352_COUNTRY_445D,2.2088978213645976
2023-12-01,BRAND_1E6F_COUNTRY_AE54,3.5521448486403457
2023-12-01,BRAND_E57A_COUNTRY_EA71,0.9800738407962707
2023-12-01,BRAND_E57A_COUNTRY_0C7D,0.9839010097393841
2023-12-01,BRAND_7BEC_COUNTRY_445D,2.7021786970614228
2023-12-01,BRAND_9259_COUNTRY_0C7D,0.9784287671477426
2023-12-01,BRAND_BDB6_COUNTRY_5FEB,1.4452104947346305
2023-12-01,BRAND_C352_COUNTRY_8B47,1.1096208394580211
2023-12-01,BRAND_056A_COUNTRY_5180,1.0816327858147357
2023-12-01,BRAND_056A_COUNTRY_5A54,1.0815124242992158
2023-12-01,BRAND_F649_COUNTRY_2E65,1.1790797253426188
2023-12-01,BRAND_740F_COUNTRY_8B47,0.9966583356248147
2023-12-01,BRAND_D786_COUNTRY_53A5,2.740631651252847
2023-12-01,BRAND_3938_COUNTRY_5A54,1.0104761552646804
2023-12-01,BRAND_12B2_COUNTRY_AE54,3.8035095890578408
2023-12-01,BRAND_248D_COUNTRY_EA71,1.090087285680275
2023-12-01,BRAND_D786_COUNTRY_D8B0,1.9481496939892062
2023-12-01,BRAND_ACB5_COUNTRY_9488,0.9322975843323994
2023-12-01,BRAND_014B_COUNTRY_6C16,1.1917466268374373
2023-12-01,BRAND_A5D5_COUNTRY_C89B,1.0102449248745857
2023-12-01,BRAND_9259_COUNTRY_A67D,0.88979097609499
2023-12-01,BRAND_9259_COUNTRY_EA71,0.98562168064986
2023-12-01,BRAND_740F_COUNTRY_06E4,0.9190546534513634
2023-12-01,BRAND_9259_COUNTRY_6B71,1.0569754568827037
2023-12-01,BRAND_DB5A_COUNTRY_1007,1.8345506576713906
2023-12-01,BRAND_740F_COUNTRY_53A5,1.7971912742063583
2023-12-01,BRAND_4F19_COUNTRY_5FEB,1.0943478484763316
2023-12-01,BRAND_599D_COUNTRY_C51E,0.9677935784061574
2023-12-01,BRAND_76D6_COUNTRY_AE54,3.3388950015955174
2023-12-01,BRAND_81A0_COUNTRY_9891,0.8035701989594873
2023-12-01,BRAND_A5D5_COUNTRY_7D31,1.192615777231703
2023-12-01,BRAND_A12A_COUNTRY_C51E,0.9284642487114485
2023-12-01,BRAND_FB69_COUNTRY_4D48,1.2395366925627638
2023-12-01,BRAND_E57A_COUNTRY_9891,1.027516198363137
2023-12-01,BRAND_D13E_COUNTRY_9891,0.8716223973794677
2023-12-01,BRAND_BBE0_COUNTRY_C89B,1.042927210939129
2023-12-01,BRAND_4710_COUNTRY_5FEB,1.7246295311758166
2023-12-01,BRAND_9259_COUNTRY_06E4,1.0075270276047166
2023-12-01,BRAND_E57A_COUNTRY_8B47,0.9412871049897799
2023-12-01,BRAND_ED43_COUNTRY_7D31,1.2849913667239463
2023-12-01,BRAND_D72F_COUNTRY_C89B,0.9989019947058295
2023-12-01,BRAND_056A_COUNTRY_6C16,1.1116929693729294
2023-12-01,BRAND_F649_COUNTRY_EA71,1.050282768456726
2023-12-01,BRAND_9E22_COUNTRY_5180,1.0648052774844456
2023-12-01,BRAND_F649_COUNTRY_5A54,1.0343259885290086
2023-12-01,BRAND_F649_COUNTRY_5180,1.070538802912145
2023-12-01,BRAND_056A_COUNTRY_EA71,1.0193470127136204
2023-12-01,BRAND_9259_COUNTRY_4242,1.0279153588269299
2023-12-01,BRAND_D786_COUNTRY_4253,1.5079239990354683
2023-12-01,BRAND_9259_COUNTRY_E319,0.9286547631659168
2023-12-01,BRAND_F649_COUNTRY_4D48,1.4667944703665807
2023-12-01,BRAND_9259_COUNTRY_88A3,1.6281518624838598
2023-12-01,BRAND_056A_COUNTRY_1007,2.1404741020914084
2023-12-01,BRAND_D72F_COUNTRY_3536,1.0411752350136578
2023-12-01,BRAND_248D_COUNTRY_907E,1.1033276077059773
2023-12-01,BRAND_E57A_COUNTRY_6F78,0.9101660378266601
2023-12-01,BRAND_056A_COUNTRY_3536,1.1111619282562641
2023-12-01,BRAND_E57A_COUNTRY_4D48,1.1963459526654112
2023-12-01,BRAND_056A_COUNTRY_907E,1.885289723150977
2023-12-01,BRAND_056A_COUNTRY_C8F4,1.0334158393215263
2023-12-01,BRAND_B8DE_COUNTRY_D8B0,1.4821293212203328
2023-12-01,BRAND_B94B_COUNTRY_5FEB,1.5485186685717955
2023-12-01,BRAND_F649_COUNTRY_907E,2.050676595463691
2023-12-01,BRAND_7250_COUNTRY_D8B0,5.0552190560931205
2023-12-01,BRAND_B1E8_COUNTRY_AE54,3.805001338868774
2023-12-01,BRAND_056A_COUNTRY_4242,0.9330735214208956
2023-12-01,BRAND_FB57_COUNTRY_907E,1.2115772486152816
2023-12-01,BRAND_E57A_COUNTRY_458E,1.1604747993016964
2023-12-01,BRAND_740F_COUNTRY_6F78,0.9283003816887544
2023-12-01,BRAND_D786_COUNTRY_9891,0.984900691001767
2023-12-01,BRAND_CFD9_COUNTRY_AE54,3.087825526101349
2023-12-01,BRAND_C352_COUNTRY_C8F4,0.9305825807582634
2023-12-01,BRAND_E57A_COUNTRY_0309,1.3357976924582995
2023-12-01,BRAND_056A_COUNTRY_4253,1.3761848552606153
2023-12-01,BRAND_056A_COUNTRY_458E,0.9551072987991518
2023-12-01,BRAND_C352_COUNTRY_4D48,1.3682184122131569
2023-12-01,BRAND_E57A_COUNTRY_1007,1.0004661018680128
2023-12-01,BRAND_C352_COUNTRY_907E,1.7113085584516519
2023-12-01,BRAND_740F_COUNTRY_9891,0.9607397039028583
2023-12-01,BRAND_740F_COUNTRY_88A3,1.6475427343267257
2023-12-01,BRAND_F649_COUNTRY_221C,1.0692461274470506
2023-12-01,BRAND_5E80_COUNTRY_4D48,2.700520755360101
2023-12-01,BRAND_9259_COUNTRY_3536,1.072594802508059
2023-12-01,BRAND_F649_COUNTRY_1033,1.2070120326815774
2023-12-01,BRAND_740F_COUNTRY_0309,1.1362289427026557
2023-12-01,BRAND_8779_COUNTRY_84C8,0.9131721686196795
2023-12-01,BRAND_B8DE_COUNTRY_0309,0.8817217541009759
2023-12-01,BRAND_D786_COUNTRY_1033,1.0759578680597526
2023-12-01,BRAND_F649_COUNTRY_C8F4,1.0368281508755315
2023-12-01,BRAND_D786_COUNTRY_3AD0,1.2701450442695779
2023-12-01,BRAND_056A_COUNTRY_D8B0,3.963356360206029
2023-12-01,BRAND_3938_COUNTRY_907E,1.9290213788464392
2023-12-01,BRAND_D786_COUNTRY_0309,1.7697989182773122
2023-12-01,BRAND_C352_COUNTRY_1007,1.4756077395516625
2023-12-01,BRAND_9259_COUNTRY_1007,1.3702855199592827
2023-12-01,BRAND_056A_COUNTRY_445D,2.0179948484109467
2023-12-01,BRAND_056A_COUNTRY_0309,2.315349297546543
2023-12-01,BRAND_E57A_COUNTRY_3AD0,1.0282812324632964
2023-12-01,BRAND_267B_COUNTRY_9488,1.11107048544646
2023-12-01,BRAND_BC1F_COUNTRY_C89B,1.0135916081558318
2023-12-01,BRAND_2D13_COUNTRY_0C7D,0.9482767851863783
2023-12-01,BRAND_89E4_COUNTRY_7D31,0.8489150342505193
2023-12-01,BRAND_056A_COUNTRY_8B47,1.0436636230796466
2023-12-01,BRAND_C352_COUNTRY_F78A,1.1234433800301509
2023-12-01,BRAND_D786_COUNTRY_5A54,1.033573590694031
2023-12-01,BRAND_E57A_COUNTRY_5180,1.015704004589052
2023-12-01,BRAND_F649_COUNTRY_89F9,1.7274998480202328
2023-12-01,BRAND_7250_COUNTRY_53A5,3.4852923709180113
2023-12-01,BRAND_C352_COUNTRY_5A54,1.0598976032372194
2023-12-01,BRAND_056A_COUNTRY_A67D,1.102070901411206
2023-12-01,BRAND_056A_COUNTRY_9891,1.1808695879063995
2023-12-01,BRAND_740F_COUNTRY_FA79,0.9408953929700559
2023-12-01,BRAND_267B_COUNTRY_0C7D,0.9663862924638542
2023-12-01,BRAND_9259_COUNTRY_6C16,1.0291692140541187
2023-12-01,BRAND_9259_COUNTRY_5180,1.1100036427891387
2023-12-01,BRAND_E57A_COUNTRY_53A5,2.01734684688937
2023-12-01,BRAND_FEAE_COUNTRY_77DA,1.0050438620533293
2023-12-01,BRAND_014B_COUNTRY_06E4,0.8925188465982931
2023-12-01,BRAND_9259_COUNTRY_89F9,1.5748570401526438
2023-12-01,BRAND_6200_COUNTRY_9488,1.2590555615890735
2023-12-01,BRAND_DB5A_COUNTRY_3AD0,1.560495506648348
2023-12-01,BRAND_F649_COUNTRY_A67D,1.1235520929450218
2023-12-01,BRAND_60F2_COUNTRY_C89B,1.5590332779173401
2023-12-01,BRAND_B79F_COUNTRY_B6AE,0.9918382729274606
2023-12-01,BRAND_B8DE_COUNTRY_C8F4,0.8680532406530811
2023-12-01,BRAND_9259_COUNTRY_907E,1.5051047316774422
2023-12-01,BRAND_D72F_COUNTRY_1033,1.053419248519013
2023-12-01,BRAND_3CEB_COUNTRY_7D31,1.6611433878503437
2023-12-01,BRAND_056A_COUNTRY_89F9,2.090490404983439
2023-12-01,BRAND_E57A_COUNTRY_88A3,1.6587544035996589
2023-12-01,BRAND_056A_COUNTRY_6F78,1.0128184782690994
2023-12-01,BRAND_D786_COUNTRY_4D48,1.1776341486894224
2023-12-01,BRAND_C352_COUNTRY_88A3,1.4715542947328075
2023-12-01,BRAND_014B_COUNTRY_0309,1.9986893391738316
2023-12-01,BRAND_6646_COUNTRY_5FEB,1.5542870568511622
2023-12-01,BRAND_056A_COUNTRY_9488,1.0285055763065636
2023-12-01,BRAND_C352_COUNTRY_9488,1.138385279685323
2023-12-01,BRAND_E57A_COUNTRY_9488,0.9926297868136761
2023-12-01,BRAND_89E4_COUNTRY_3F0E,1.0038656468763196
2023-12-01,BRAND_9259_COUNTRY_9488,0.956159778762143
2023-12-01,BRAND_417D_COUNTRY_B6AE,0.9013583377387346
2023-12-01,BRAND_740F_COUNTRY_3AD0,1.0030401609374282
2023-12-01,BRAND_056A_COUNTRY_4442,1.3511285954574999
2023-12-01,BRAND_F649_COUNTRY_9488,1.003465635223749
2023-12-01,BRAND_DB5A_COUNTRY_9488,1.462407866712184
2023-12-01,BRAND_106A_COUNTRY_E319,1.0594403213011472
